sample	family	cluster_id	representative	representative_length	cluster_size	cluster_sample_count	cluster_samples	assembly_member	evidence_class	best_nt_accession	best_nt_name	query_coverage_pct	top_hsp_identity_pct	match_quality	annotation_source	mapq20_fragments	FPM	breadth1_mapq20_pct	breadth10_mapq20_pct	mean_depth_mapq20
ERR14788990	Adenoviridae	Adenoviridae_C001	ERR14788954|k141_44	34268	5	4	ERR14788954,ERR14788991,ERR14788995,ERR14789044	NO	LOCAL_MAPPING	ON532818	Human adenovirus 41	100.0	99.116	strong	megablast	71	376.51	10.64	3.13	0.84
ERR14788990	Adenoviridae	Adenoviridae_C002	ERR14788995|k141_3829	22263	2	2	ERR14788992,ERR14788995	NO	NONE	PZ360988	Human adenovirus 41	99.0	99.954	strong	megablast	5	26.51	4.34	0.00	0.09
ERR14788990	Adenoviridae	Adenoviridae_C003	ERR14788954|k141_1783	5194	1	1	ERR14788954	NO	NONE	OR753124	Human mastadenovirus D	100.0	97.009	strong	megablast	0	0.00	0.00	0.00	0.00
ERR14788990	Adenoviridae	Adenoviridae_C004	ERR14788954|k141_8890	2826	1	1	ERR14788954	NO	NONE	KF268319	Human mastadenovirus D	100.0	98.610	strong	megablast	0	0.00	0.00	0.00	0.00
ERR14788990	Adenoviridae	Adenoviridae_C005	ERR14788954|k141_12718	2465	1	1	ERR14788954	NO	NONE	KX827426	Human mastadenovirus D	99.0	98.691	strong	megablast	0	0.00	0.00	0.00	0.00
ERR14788990	Adenoviridae	Adenoviridae_C006	ERR14788954|k141_9847	1005	1	1	ERR14788954	NO	NONE	KF268200	Human mastadenovirus D	97.0	99.281	strong	megablast	0	0.00	0.00	0.00	0.00
ERR14788990	Astroviridae	Astroviridae_C001	ERR14788992|k141_13885	6925	8	6	ERR14788864,ERR14788990,ERR14788991,ERR14788992,ERR14788995,ERR14789044	YES	ASSEMBLY	PP901925	Human astrovirus 1	100.0	99.426	strong	megablast	4898	25974.03	96.38	90.53	325.69
ERR14788990	Astroviridae	Astroviridae_C005	ERR14788990|k141_1202	4497	3	3	ERR14788990,ERR14788991,ERR14788992	YES	ASSEMBLY	MN444721	Human astrovirus 3	100.0	98.931	strong	megablast	2368	12557.47	87.41	86.15	240.57
ERR14788990	Astroviridae	Astroviridae_C008	ERR14788991|k141_1065	3629	3	3	ERR14788990,ERR14788991,ERR14788992	YES	ASSEMBLY	MN444721	Human astrovirus 3	99.0	98.894	strong	megablast	1460	7742.36	90.41	84.18	176.03
ERR14788990	Astroviridae	Astroviridae_C002	ERR14788954|k141_113	6868	2	2	ERR14788954,ERR14788990	YES	ASSEMBLY	JF327666	Human astrovirus	99.0	97.578	strong	megablast	217	1150.75	55.04	14.72	13.90
ERR14788990	Astroviridae	Astroviridae_C006	ERR14788988|k141_8673	4106	2	2	ERR14788988,ERR14788990	YES	ASSEMBLY	MG921619	Human astrovirus	99.0	99.572	strong	megablast	92	487.87	34.63	22.67	10.60
ERR14788990	Astroviridae	Astroviridae_C003	ERR14788988|k141_14774	6459	1	1	ERR14788988	NO	NONE	PQ435237	Mamastrovirus 2	99.0	95.100	strong	megablast	8	42.42	3.95	3.03	0.45
ERR14788990	Astroviridae	Astroviridae_C004	ERR14788991|k141_1036	5333	1	1	ERR14788991	NO	PARTIAL_MAPPING	KF039910	Human astrovirus 2	99.0	96.155	strong	megablast	107	567.42	50.42	33.66	9.13
ERR14788990	Astroviridae	Astroviridae_C007	ERR14789044|k141_2387	3810	1	1	ERR14789044	NO	NONE	MT766328	Astrovirus MLB1	100.0	99.305	strong	megablast	0	0.00	0.00	0.00	0.00
ERR14788990	Astroviridae	Astroviridae_C009	ERR14788954|k141_21331	2830	1	1	ERR14788954	NO	NONE	KJ656124	Astrovirus VA5	100.0	96.861	strong	megablast	0	0.00	0.00	0.00	0.00
ERR14788990	Astroviridae	Astroviridae_C010	ERR14788954|k141_3447	2508	1	1	ERR14788954	NO	NONE	PX619609	Human astrovirus 4	100.0	91.790	strong	megablast	0	0.00	0.00	0.00	0.00
ERR14788990	Astroviridae	Astroviridae_C011	ERR14788954|k141_23684	2413	1	1	ERR14788954	NO	NONE	OQ802716	Jingmen rodent astrovirus 2	99.0	84.234	moderate	sensitive_blastn	0	0.00	0.00	0.00	0.00
ERR14788990	Astroviridae	Astroviridae_C012	ERR14788991|k141_2217	2320	1	1	ERR14788991	NO	LOCAL_MAPPING	JX087965	Human astrovirus 1	100.0	97.520	strong	megablast	9	47.73	29.31	2.54	1.28
ERR14788990	Astroviridae	Astroviridae_C013	ERR14788991|k141_1804	2066	1	1	ERR14788991	NO	LOCAL_MAPPING	LC694997	Human astrovirus 1	100.0	94.686	strong	megablast	21	111.36	30.83	18.68	3.36
ERR14788990	Astroviridae	Astroviridae_C014	ERR14788990|k141_568	2013	1	1	ERR14788990	YES	ASSEMBLY	LC694997	Human astrovirus 1	99.0	98.587	strong	megablast	29	153.79	74.37	13.46	5.86
ERR14788990	Astroviridae	Astroviridae_C015	ERR14788954|k141_16872	1925	1	1	ERR14788954	NO	NONE	KJ656124	Astrovirus VA5	97.0	96.583	strong	megablast	0	0.00	0.00	0.00	0.00
ERR14788990	Astroviridae	Astroviridae_C016	ERR14789044|k141_33	1664	1	1	ERR14789044	NO	LOCAL_MAPPING	ON807354	Mamastrovirus 1	100.0	98.496	strong	megablast	1	5.30	11.84	0.00	0.12
ERR14788990	Astroviridae	Astroviridae_C017	ERR14788990|k141_1280	1520	1	1	ERR14788990	YES	ASSEMBLY	MK882944	Human astrovirus 8	99.0	98.749	strong	megablast	131	694.69	100.00	78.88	41.37
ERR14788990	Astroviridae	Astroviridae_C018	ERR14788995|k141_2627	1455	1	1	ERR14788995	NO	PARTIAL_MAPPING	KX022687	Astrovirus MLB2	100.0	98.969	strong	megablast	21	111.36	69.35	39.73	6.38
ERR14788990	Astroviridae	Astroviridae_C019	ERR14788990|k141_2323	1356	1	1	ERR14788990	YES	ASSEMBLY	PV189388	Human astrovirus 4	99.0	95.487	strong	megablast	52	275.76	95.80	51.62	17.19
ERR14788990	Astroviridae	Astroviridae_C020	ERR14788990|k141_2898	1085	1	1	ERR14788990	YES	ASSEMBLY	KF039910	Human astrovirus 2	100.0	95.662	strong	megablast	3	15.91	28.85	0.00	1.15
ERR14788990	Astroviridae	Astroviridae_C021	ERR14789044|k141_1969	1038	1	1	ERR14789044	NO	NONE	MK108183	Mamastrovirus 1	100.0	100.000	strong	megablast	0	0.00	0.00	0.00	0.00
ERR14788990	Astroviridae	Astroviridae_C022	ERR14788990|k141_238	1000	1	1	ERR14788990	YES	ASSEMBLY	MH933757	Human astrovirus	98.0	97.454	strong	megablast	82	434.84	86.70	75.90	37.21
ERR14788990	Caliciviridae	Caliciviridae_C004	ERR14788991|k141_4783	2777	4	4	ERR14788954,ERR14788988,ERR14788991,ERR14788992	NO	LOCAL_MAPPING	MF431582	Sapovirus Hu/GI.2/Dublin/2016/IRL	100.0	99.247	strong	megablast	32	169.70	45.66	21.68	4.75
ERR14788990	Caliciviridae	Caliciviridae_C009	ERR14788991|k141_4615	1766	2	2	ERR14788991,ERR14788992	NO	LOCAL_MAPPING	MF431582	Sapovirus Hu/GI.2/Dublin/2016/IRL	100.0	99.037	strong	megablast	5	26.51	31.48	0.00	1.41
ERR14788990	Caliciviridae	Caliciviridae_C001	ERR14788954|k141_3875	7721	1	1	ERR14788954	NO	NONE	MH608286	Norovirus GI	81.0	95.014	strong	megablast	0	0.00	0.00	0.00	0.00
ERR14788990	Caliciviridae	Caliciviridae_C002	ERR14788954|k141_15579	5510	1	1	ERR14788954	NO	NONE	MH922773	Sapovirus GII	99.0	86.839	moderate	sensitive_blastn	0	0.00	0.00	0.00	0.00
ERR14788990	Caliciviridae	Caliciviridae_C003	ERR14788954|k141_3618	4764	1	1	ERR14788954	NO	NONE	OP255973	Sapovirus GI	99.0	95.611	strong	megablast	0	0.00	0.00	0.00	0.00
ERR14788990	Caliciviridae	Caliciviridae_C005	ERR14789044|k141_25	2648	1	1	ERR14789044	NO	LOCAL_MAPPING	MG012434	Sapovirus GV.1	99.0	98.819	strong	megablast	23	121.97	23.53	20.77	4.33
ERR14788990	Caliciviridae	Caliciviridae_C006	ERR14788991|k141_2057	2461	1	1	ERR14788991	NO	LOCAL_MAPPING	LC816516	Sapovirus GII.2	99.0	98.312	strong	megablast	23	121.97	25.68	25.15	4.26
ERR14788990	Caliciviridae	Caliciviridae_C007	ERR14789044|k141_2725	2358	1	1	ERR14789044	NO	LOCAL_MAPPING	MG012434	Sapovirus GV.1	100.0	98.813	strong	megablast	40	212.12	45.89	28.80	6.99
ERR14788990	Caliciviridae	Caliciviridae_C008	ERR14788991|k141_5592	2221	1	1	ERR14788991	NO	PARTIAL_MAPPING	MF431582	Sapovirus Hu/GI.2/Dublin/2016/IRL	99.0	99.296	strong	megablast	22	116.67	58.94	13.64	4.81
ERR14788990	Caliciviridae	Caliciviridae_C010	ERR14788954|k141_526	1745	1	1	ERR14788954	NO	NONE	MN794213	Sapovirus GII.1	98.0	92.632	strong	megablast	0	0.00	0.00	0.00	0.00
ERR14788990	Caliciviridae	Caliciviridae_C011	ERR14788992|k141_12144	1690	1	1	ERR14788992	NO	LOCAL_MAPPING	PP819507	Sapovirus GI.1	99.0	98.258	strong	megablast	11	58.33	13.25	13.25	2.36
ERR14788990	Caliciviridae	Caliciviridae_C012	ERR14789044|k141_3236	1235	1	1	ERR14789044	NO	LOCAL_MAPPING	MK291481	Sapovirus GI	99.0	98.488	strong	megablast	1	5.30	18.46	0.00	0.32
ERR14788990	Caliciviridae	Caliciviridae_C013	ERR14789044|k141_971	1142	1	1	ERR14789044	NO	NONE	MN161596	Sapovirus GI	100.0	97.550	strong	megablast	0	0.00	0.00	0.00	0.00
ERR14788990	Caliciviridae	Caliciviridae_C014	ERR14788990|k141_36	1065	1	1	ERR14788990	YES	ASSEMBLY	PV013596	Sapovirus GI	99.0	99.341	strong	megablast	1	5.30	15.77	0.00	0.16
ERR14788990	Caliciviridae	Caliciviridae_C015	ERR14788992|k141_4651	1034	1	1	ERR14788992	NO	LOCAL_MAPPING	MK236611	Norovirus GI	100.0	97.786	strong	megablast	4	21.21	24.56	0.00	1.44
ERR14788990	Parvoviridae	Parvoviridae_C001	ERR14788995|k141_7572	5456	5	5	ERR14788954,ERR14788990,ERR14788992,ERR14788995,ERR14789044	YES	ASSEMBLY	OP255991	Human bocavirus 3	100.0	99.735	strong	megablast	92	487.87	50.86	19.87	7.50
ERR14788990	Parvoviridae	Parvoviridae_C002	ERR14788995|k141_6225	5313	4	4	ERR14788990,ERR14788991,ERR14788992,ERR14788995	YES	ASSEMBLY	KY927869	Rodent bocavirus	99.0	98.191	strong	megablast	193	1023.48	64.28	45.98	14.46
ERR14788990	Parvoviridae	Parvoviridae_C006	ERR14789044|k141_3535	1802	3	3	ERR14788990,ERR14788992,ERR14789044	YES	ASSEMBLY	GU048664	Human bocavirus 2	96.0	99.564	strong	megablast	9	47.73	36.79	9.38	2.47
ERR14788990	Parvoviridae	Parvoviridae_C004	ERR14789044|k141_3682	2174	2	2	ERR14788992,ERR14789044	NO	LOCAL_MAPPING	EU082213	Human bocavirus 2	99.0	99.759	strong	megablast	15	79.54	30.22	16.88	2.76
ERR14788990	Parvoviridae	Parvoviridae_C003	ERR14789044|k141_3120	3833	1	1	ERR14789044	NO	NONE	KF771828	Canine bocavirus	99.0	97.459	strong	megablast	0	0.00	0.00	0.00	0.00
ERR14788990	Parvoviridae	Parvoviridae_C005	ERR14788995|k141_2517	2055	1	1	ERR14788995	NO	LOCAL_MAPPING	GU048664	Human bocavirus 2	99.0	99.415	strong	megablast	9	47.73	20.78	10.32	1.73
ERR14788990	Parvoviridae	Parvoviridae_C007	ERR14788954|k141_5565	1660	1	1	ERR14788954	NO	NONE	PP711821	Rattus rat parvovirus	99.0	90.459	strong	megablast	0	0.00	0.00	0.00	0.00
ERR14788990	Parvoviridae	Parvoviridae_C008	ERR14788954|k141_11587	1377	1	1	ERR14788954	NO	NONE	PP711821	Rattus rat parvovirus	98.0	94.383	strong	megablast	0	0.00	0.00	0.00	0.00
ERR14788990	Parvoviridae	Parvoviridae_C009	ERR14788990|k141_2921	1126	1	1	ERR14788990	YES	ASSEMBLY	MF085373	Porcine bocavirus	97.0	97.793	strong	megablast	1	5.30	30.73	0.00	0.39
ERR14788990	Picornaviridae	Picornaviridae_C001	ERR14788954|k141_3867	7092	1	1	ERR14788954	NO	NONE	KX171334	Enterovirus B106	100.0	82.178	moderate	sensitive_blastn	0	0.00	0.00	0.00	0.00
ERR14788990	Picornaviridae	Picornaviridae_C002	ERR14788954|k141_14829	6088	1	1	ERR14788954	NO	NONE	AY302543	Echovirus E17	99.0	80.753	moderate	sensitive_blastn	0	0.00	0.00	0.00	0.00
ERR14788990	Picornaviridae	Picornaviridae_C003	ERR14788954|k141_20958	3327	1	1	ERR14788954	NO	LOCAL_MAPPING	GQ927704	aichivirus A1	100.0	87.556	moderate	sensitive_blastn	35	185.60	17.13	12.20	4.50
ERR14788990	Picornaviridae	Picornaviridae_C004	ERR14788988|k141_8449	2954	1	1	ERR14788988	NO	LOCAL_MAPPING	MF947441	Kobuvirus sp.	99.0	97.833	strong	megablast	149	790.14	35.44	34.66	19.85
ERR14788990	Picornaviridae	Picornaviridae_C005	ERR14788954|k141_22448	2878	1	1	ERR14788954	NO	NONE	PQ889394	Coxsackievirus A19	99.0	97.497	strong	megablast	0	0.00	0.00	0.00	0.00
ERR14788990	Picornaviridae	Picornaviridae_C006	ERR14788954|k141_15999	2686	1	1	ERR14788954	NO	NONE	PQ889394	Coxsackievirus A19	100.0	98.561	strong	megablast	0	0.00	0.00	0.00	0.00
ERR14788990	Picornaviridae	Picornaviridae_C007	ERR14788954|k141_22664	2458	1	1	ERR14788954	NO	NONE	MZ603081	Picornaviridae sp.	89.0	94.005	strong	megablast	0	0.00	0.00	0.00	0.00
ERR14788990	Picornaviridae	Picornaviridae_C008	ERR14788954|k141_10866	2371	1	1	ERR14788954	NO	NONE	LC321988	Echovirus E9	100.0	97.343	strong	megablast	0	0.00	0.00	0.00	0.00
ERR14788990	Picornaviridae	Picornaviridae_C009	ERR14788995|k141_7513	2262	1	1	ERR14788995	NO	PARTIAL_MAPPING	MK372823	aichivirus A1	98.0	96.496	strong	megablast	44	233.33	54.60	25.55	7.84
ERR14788990	Picornaviridae	Picornaviridae_C010	ERR14788954|k141_18342	1980	1	1	ERR14788954	NO	NONE	OQ791575	Coxsackievirus B5	98.0	86.471	moderate	sensitive_blastn	0	0.00	0.00	0.00	0.00
ERR14788990	Picornaviridae	Picornaviridae_C011	ERR14788954|k141_20065	1888	1	1	ERR14788954	NO	NONE	PQ889389	Coxsackievirus A13	99.0	90.095	strong	megablast	0	0.00	0.00	0.00	0.00
ERR14788990	Picornaviridae	Picornaviridae_C012	ERR14788954|k141_10512	1593	1	1	ERR14788954	NO	NONE	PQ889359	Echovirus E18	99.0	92.575	strong	megablast	0	0.00	0.00	0.00	0.00
ERR14788990	Picornaviridae	Picornaviridae_C013	ERR14788954|k141_3382	1524	1	1	ERR14788954	NO	NONE	PQ889405	Coxsackievirus A24	95.0	87.560	moderate	sensitive_blastn	0	0.00	0.00	0.00	0.00
ERR14788990	Picornaviridae	Picornaviridae_C014	ERR14788954|k141_23799	1465	1	1	ERR14788954	NO	NONE	PX441811	Enterovirus A119	99.0	89.686	moderate	sensitive_blastn	0	0.00	0.00	0.00	0.00
ERR14788990	Picornaviridae	Picornaviridae_C015	ERR14788954|k141_15422	1294	1	1	ERR14788954	NO	NONE	PQ889391	Coxsackievirus A13	100.0	87.287	moderate	sensitive_blastn	0	0.00	0.00	0.00	0.00
ERR14788990	Picornaviridae	Picornaviridae_C016	ERR14788954|k141_19102	1187	1	1	ERR14788954	NO	NONE	PQ889396	Coxsackievirus A19	98.0	95.189	strong	megablast	0	0.00	0.00	0.00	0.00
ERR14788990	Picornaviridae	Picornaviridae_C017	ERR14788991|k141_5462	1116	1	1	ERR14788991	NO	LOCAL_MAPPING	PV261144	Salivirus A	95.0	94.607	strong	megablast	4	21.21	33.60	0.00	1.02
ERR14788990	Picornaviridae	Picornaviridae_C018	ERR14788954|k141_21279	1070	1	1	ERR14788954	NO	NONE	MH933858	Human enterovirus	92.0	88.057	moderate	sensitive_blastn	0	0.00	0.00	0.00	0.00
ERR14788990	Picornaviridae	Picornaviridae_C019	ERR14789044|k141_1274	1061	1	1	ERR14789044	NO	NONE	MG012434	Sapovirus GV.1	99.0	97.047	strong	megablast	0	0.00	0.00	0.00	0.00
ERR14788990	Picornaviridae	Picornaviridae_C020	ERR14788954|k141_7587	1007	1	1	ERR14788954	NO	NONE	MH608285	Norovirus GII	94.0	96.832	strong	megablast	0	0.00	0.00	0.00	0.00
ERR14788990	Picornaviridae	Picornaviridae_C021	ERR14788954|k141_22796	1004	1	1	ERR14788954	NO	NONE	PV611449	Norovirus GII	100.0	98.805	strong	megablast	0	0.00	0.00	0.00	0.00
ERR14788990	Sedoreoviridae	Sedoreoviridae_C004	ERR14788992|k141_14248	3205	3	3	ERR14788990,ERR14788991,ERR14788992	YES	ASSEMBLY	OR890193	Rotavirus A	99.0	99.219	strong	megablast	133	705.30	61.15	49.61	20.09
ERR14788990	Sedoreoviridae	Sedoreoviridae_C012	ERR14788992|k141_2176	1922	3	3	ERR14788990,ERR14788991,ERR14788992	YES	ASSEMBLY	LC491454	Human rotavirus A	100.0	99.303	strong	megablast	32	169.70	45.68	23.26	7.43
ERR14788990	Sedoreoviridae	Sedoreoviridae_C001	ERR14788992|k141_11532	3969	2	2	ERR14788991,ERR14788992	NO	NONE	LC477448	Human rotavirus A	99.0	97.615	strong	megablast	0	0.00	0.00	0.00	0.00
ERR14788990	Sedoreoviridae	Sedoreoviridae_C011	ERR14788991|k141_5815	1923	2	2	ERR14788991,ERR14788992	NO	LOCAL_MAPPING	KR705256	Rotavirus A	82.0	97.016	strong	megablast	3	15.91	18.77	0.00	0.42
ERR14788990	Sedoreoviridae	Sedoreoviridae_C013	ERR14788992|k141_382	1877	2	2	ERR14788990,ERR14788992	YES	ASSEMBLY	MH569759	Rotavirus A	99.0	98.738	strong	megablast	27	143.18	81.30	20.25	6.30
ERR14788990	Sedoreoviridae	Sedoreoviridae_C014	ERR14788991|k141_4973	1772	2	2	ERR14788991,ERR14788992	NO	LOCAL_MAPPING	OR890170	Rotavirus A	99.0	99.085	strong	megablast	8	42.42	30.64	3.05	1.81
ERR14788990	Sedoreoviridae	Sedoreoviridae_C002	ERR14788992|k141_2824	3596	1	1	ERR14788992	NO	LOCAL_MAPPING	OR890125	Rotavirus A	99.0	99.101	strong	megablast	4	21.21	23.11	0.00	0.50
ERR14788990	Sedoreoviridae	Sedoreoviridae_C003	ERR14788992|k141_8616	3408	1	1	ERR14788992	NO	LOCAL_MAPPING	LC455770	Rotavirus A	98.0	99.696	strong	megablast	8	42.42	19.57	1.58	0.98
ERR14788990	Sedoreoviridae	Sedoreoviridae_C005	ERR14788992|k141_744	2743	1	1	ERR14788992	NO	LOCAL_MAPPING	LC477618	Human rotavirus A	99.0	99.811	strong	megablast	12	63.64	20.05	13.56	2.26
ERR14788990	Sedoreoviridae	Sedoreoviridae_C006	ERR14788992|k141_4476	2450	1	1	ERR14788992	NO	NONE	PZ436761	Human rotavirus C	99.0	99.239	strong	megablast	0	0.00	0.00	0.00	0.00
ERR14788990	Sedoreoviridae	Sedoreoviridae_C007	ERR14788992|k141_13491	2276	1	1	ERR14788992	NO	NONE	PX211134	Rotavirus alphagastroenteritidis	100.0	97.803	strong	megablast	0	0.00	0.00	0.00	0.00
ERR14788990	Sedoreoviridae	Sedoreoviridae_C008	ERR14788992|k141_6124	2190	1	1	ERR14788992	NO	LOCAL_MAPPING	PZ436762	Human rotavirus C	98.0	99.276	strong	megablast	5	26.51	14.20	0.00	0.85
ERR14788990	Sedoreoviridae	Sedoreoviridae_C009	ERR14788992|k141_7633	2074	1	1	ERR14788992	NO	NONE	OR193448	Rotavirus A	99.0	97.927	strong	megablast	0	0.00	0.00	0.00	0.00
ERR14788990	Sedoreoviridae	Sedoreoviridae_C010	ERR14788991|k141_4602	2053	1	1	ERR14788991	NO	NONE	PX492905	Rotavirus alphagastroenteritidis	99.0	97.771	strong	megablast	0	0.00	0.00	0.00	0.00
ERR14788990	Sedoreoviridae	Sedoreoviridae_C015	ERR14788992|k141_1970	1490	1	1	ERR14788992	NO	LOCAL_MAPPING	MN206054	Human rotavirus C	100.0	99.433	strong	megablast	5	26.51	28.79	2.21	1.90
ERR14788990	Sedoreoviridae	Sedoreoviridae_C016	ERR14788992|k141_12191	1376	1	1	ERR14788992	NO	NONE	MK029688	Human rotavirus P[8]	100.0	99.441	strong	megablast	0	0.00	0.00	0.00	0.00
ERR14788990	Sedoreoviridae	Sedoreoviridae_C017	ERR14788992|k141_1500	1332	1	1	ERR14788992	NO	NONE	JF490795	Rotavirus A human/Vanderbilt/VU05-06-67/2005/G1P[8]	99.0	98.743	strong	megablast	0	0.00	0.00	0.00	0.00
ERR14788990	Sedoreoviridae	Sedoreoviridae_C018	ERR14788992|k141_5652	1311	1	1	ERR14788992	NO	LOCAL_MAPPING	JQ069757	Human rotavirus A	100.0	98.493	strong	megablast	2	10.61	32.34	0.00	0.52
ERR14788990	Sedoreoviridae	Sedoreoviridae_C019	ERR14788991|k141_3712	1215	1	1	ERR14788991	NO	LOCAL_MAPPING	KC580308	Rotavirus A	100.0	98.404	strong	megablast	7	37.12	33.91	15.47	3.27
ERR14788990	Sedoreoviridae	Sedoreoviridae_C020	ERR14788991|k141_4019	1115	1	1	ERR14788991	NO	NONE	KU248375	Human rotavirus A	100.0	97.633	strong	megablast	0	0.00	0.00	0.00	0.00
ERR14788990	Sedoreoviridae	Sedoreoviridae_C021	ERR14788991|k141_3749	1110	1	1	ERR14788991	NO	NONE	ON791955	Rotavirus A	99.0	97.933	strong	megablast	0	0.00	0.00	0.00	0.00
ERR14788990	Sedoreoviridae	Sedoreoviridae_C022	ERR14788991|k141_5013	1066	1	1	ERR14788991	NO	PARTIAL_MAPPING	LC227964	Human rotavirus A	97.0	99.517	strong	megablast	10	53.03	55.63	11.16	3.06
ERR14788990	Sedoreoviridae	Sedoreoviridae_C023	ERR14788992|k141_7803	1004	1	1	ERR14788992	NO	NONE	LC477521	Human rotavirus A	100.0	99.172	strong	megablast	0	0.00	0.00	0.00	0.00
ERR14788988	Adenoviridae	Adenoviridae_C001	ERR14788954|k141_44	34268	5	4	ERR14788954,ERR14788991,ERR14788995,ERR14789044	NO	LOCAL_MAPPING	ON532818	Human adenovirus 41	100.0	99.116	strong	megablast	129	387.67	32.77	4.76	1.78
ERR14788988	Adenoviridae	Adenoviridae_C002	ERR14788995|k141_3829	22263	2	2	ERR14788992,ERR14788995	NO	LOCAL_MAPPING	PZ360988	Human adenovirus 41	99.0	99.954	strong	megablast	20	60.10	16.78	0.00	0.40
ERR14788988	Adenoviridae	Adenoviridae_C003	ERR14788954|k141_1783	5194	1	1	ERR14788954	NO	NONE	OR753124	Human mastadenovirus D	100.0	97.009	strong	megablast	0	0.00	0.00	0.00	0.00
ERR14788988	Adenoviridae	Adenoviridae_C004	ERR14788954|k141_8890	2826	1	1	ERR14788954	NO	NONE	KF268319	Human mastadenovirus D	100.0	98.610	strong	megablast	0	0.00	0.00	0.00	0.00
ERR14788988	Adenoviridae	Adenoviridae_C005	ERR14788954|k141_12718	2465	1	1	ERR14788954	NO	NONE	KX827426	Human mastadenovirus D	99.0	98.691	strong	megablast	0	0.00	0.00	0.00	0.00
ERR14788988	Adenoviridae	Adenoviridae_C006	ERR14788954|k141_9847	1005	1	1	ERR14788954	NO	NONE	KF268200	Human mastadenovirus D	97.0	99.281	strong	megablast	0	0.00	0.00	0.00	0.00
ERR14788988	Astroviridae	Astroviridae_C001	ERR14788992|k141_13885	6925	8	6	ERR14788864,ERR14788990,ERR14788991,ERR14788992,ERR14788995,ERR14789044	NO	NONE	PP901925	Human astrovirus 1	100.0	99.426	strong	megablast	0	0.00	0.00	0.00	0.00
ERR14788988	Astroviridae	Astroviridae_C005	ERR14788990|k141_1202	4497	3	3	ERR14788990,ERR14788991,ERR14788992	NO	NONE	MN444721	Human astrovirus 3	100.0	98.931	strong	megablast	0	0.00	0.00	0.00	0.00
ERR14788988	Astroviridae	Astroviridae_C008	ERR14788991|k141_1065	3629	3	3	ERR14788990,ERR14788991,ERR14788992	NO	NONE	MN444721	Human astrovirus 3	99.0	98.894	strong	megablast	0	0.00	0.00	0.00	0.00
ERR14788988	Astroviridae	Astroviridae_C002	ERR14788954|k141_113	6868	2	2	ERR14788954,ERR14788990	NO	LOCAL_MAPPING	JF327666	Human astrovirus	99.0	97.578	strong	megablast	12	36.06	18.26	0.15	0.69
ERR14788988	Astroviridae	Astroviridae_C006	ERR14788988|k141_8673	4106	2	2	ERR14788988,ERR14788990	YES	ASSEMBLY	MG921619	Human astrovirus	99.0	99.572	strong	megablast	135	405.70	94.06	61.45	16.26
ERR14788988	Astroviridae	Astroviridae_C003	ERR14788988|k141_14774	6459	1	1	ERR14788988	YES	ASSEMBLY	PQ435237	Mamastrovirus 2	99.0	95.100	strong	megablast	138	414.71	99.30	43.30	9.92
ERR14788988	Astroviridae	Astroviridae_C004	ERR14788991|k141_1036	5333	1	1	ERR14788991	NO	PARTIAL_MAPPING	KF039910	Human astrovirus 2	99.0	96.155	strong	megablast	59	177.30	73.80	20.25	5.30
ERR14788988	Astroviridae	Astroviridae_C007	ERR14789044|k141_2387	3810	1	1	ERR14789044	NO	LOCAL_MAPPING	MT766328	Astrovirus MLB1	100.0	99.305	strong	megablast	8	24.04	45.80	0.00	0.85
ERR14788988	Astroviridae	Astroviridae_C009	ERR14788954|k141_21331	2830	1	1	ERR14788954	NO	NONE	KJ656124	Astrovirus VA5	100.0	96.861	strong	megablast	0	0.00	0.00	0.00	0.00
ERR14788988	Astroviridae	Astroviridae_C010	ERR14788954|k141_3447	2508	1	1	ERR14788954	NO	NONE	PX619609	Human astrovirus 4	100.0	91.790	strong	megablast	1	3.01	6.54	0.00	0.07
ERR14788988	Astroviridae	Astroviridae_C011	ERR14788954|k141_23684	2413	1	1	ERR14788954	NO	NONE	OQ802716	Jingmen rodent astrovirus 2	99.0	84.234	moderate	sensitive_blastn	0	0.00	0.00	0.00	0.00
ERR14788988	Astroviridae	Astroviridae_C012	ERR14788991|k141_2217	2320	1	1	ERR14788991	NO	NONE	JX087965	Human astrovirus 1	100.0	97.520	strong	megablast	0	0.00	0.00	0.00	0.00
ERR14788988	Astroviridae	Astroviridae_C013	ERR14788991|k141_1804	2066	1	1	ERR14788991	NO	NONE	LC694997	Human astrovirus 1	100.0	94.686	strong	megablast	0	0.00	0.00	0.00	0.00
ERR14788988	Astroviridae	Astroviridae_C014	ERR14788990|k141_568	2013	1	1	ERR14788990	NO	NONE	LC694997	Human astrovirus 1	99.0	98.587	strong	megablast	0	0.00	0.00	0.00	0.00
ERR14788988	Astroviridae	Astroviridae_C015	ERR14788954|k141_16872	1925	1	1	ERR14788954	NO	NONE	KJ656124	Astrovirus VA5	97.0	96.583	strong	megablast	0	0.00	0.00	0.00	0.00
ERR14788988	Astroviridae	Astroviridae_C016	ERR14789044|k141_33	1664	1	1	ERR14789044	NO	NONE	ON807354	Mamastrovirus 1	100.0	98.496	strong	megablast	0	0.00	0.00	0.00	0.00
ERR14788988	Astroviridae	Astroviridae_C017	ERR14788990|k141_1280	1520	1	1	ERR14788990	NO	NONE	MK882944	Human astrovirus 8	99.0	98.749	strong	megablast	0	0.00	0.00	0.00	0.00
ERR14788988	Astroviridae	Astroviridae_C018	ERR14788995|k141_2627	1455	1	1	ERR14788995	NO	HIGH_BREADTH_MAPPING	KX022687	Astrovirus MLB2	100.0	98.969	strong	megablast	8	24.04	93.95	0.00	2.91
ERR14788988	Astroviridae	Astroviridae_C019	ERR14788990|k141_2323	1356	1	1	ERR14788990	NO	LOCAL_MAPPING	PV189388	Human astrovirus 4	99.0	95.487	strong	megablast	4	12.02	35.55	0.00	1.55
ERR14788988	Astroviridae	Astroviridae_C020	ERR14788990|k141_2898	1085	1	1	ERR14788990	NO	NONE	KF039910	Human astrovirus 2	100.0	95.662	strong	megablast	0	0.00	0.00	0.00	0.00
ERR14788988	Astroviridae	Astroviridae_C021	ERR14789044|k141_1969	1038	1	1	ERR14789044	NO	NONE	MK108183	Mamastrovirus 1	100.0	100.000	strong	megablast	0	0.00	0.00	0.00	0.00
ERR14788988	Astroviridae	Astroviridae_C022	ERR14788990|k141_238	1000	1	1	ERR14788990	NO	NONE	MH933757	Human astrovirus	98.0	97.454	strong	megablast	0	0.00	0.00	0.00	0.00
ERR14788988	Caliciviridae	Caliciviridae_C004	ERR14788991|k141_4783	2777	4	4	ERR14788954,ERR14788988,ERR14788991,ERR14788992	YES	ASSEMBLY	MF431582	Sapovirus Hu/GI.2/Dublin/2016/IRL	100.0	99.247	strong	megablast	47	141.24	79.83	33.53	7.37
ERR14788988	Caliciviridae	Caliciviridae_C009	ERR14788991|k141_4615	1766	2	2	ERR14788991,ERR14788992	NO	PARTIAL_MAPPING	MF431582	Sapovirus Hu/GI.2/Dublin/2016/IRL	100.0	99.037	strong	megablast	10	30.05	60.53	0.74	2.56
ERR14788988	Caliciviridae	Caliciviridae_C001	ERR14788954|k141_3875	7721	1	1	ERR14788954	NO	NONE	MH608286	Norovirus GI	81.0	95.014	strong	megablast	1	3.01	2.98	0.00	0.04
ERR14788988	Caliciviridae	Caliciviridae_C002	ERR14788954|k141_15579	5510	1	1	ERR14788954	NO	NONE	MH922773	Sapovirus GII	99.0	86.839	moderate	sensitive_blastn	1	3.01	7.28	0.00	0.09
ERR14788988	Caliciviridae	Caliciviridae_C003	ERR14788954|k141_3618	4764	1	1	ERR14788954	NO	NONE	OP255973	Sapovirus GI	99.0	95.611	strong	megablast	0	0.00	0.00	0.00	0.00
ERR14788988	Caliciviridae	Caliciviridae_C005	ERR14789044|k141_25	2648	1	1	ERR14789044	NO	PARTIAL_MAPPING	MG012434	Sapovirus GV.1	99.0	98.819	strong	megablast	11	33.06	55.32	0.00	2.01
ERR14788988	Caliciviridae	Caliciviridae_C006	ERR14788991|k141_2057	2461	1	1	ERR14788991	NO	NONE	LC816516	Sapovirus GII.2	99.0	98.312	strong	megablast	0	0.00	0.00	0.00	0.00
ERR14788988	Caliciviridae	Caliciviridae_C007	ERR14789044|k141_2725	2358	1	1	ERR14789044	NO	HIGH_BREADTH_MAPPING	MG012434	Sapovirus GV.1	100.0	98.813	strong	megablast	17	51.09	85.75	0.00	3.45
ERR14788988	Caliciviridae	Caliciviridae_C008	ERR14788991|k141_5592	2221	1	1	ERR14788991	NO	PARTIAL_MAPPING	MF431582	Sapovirus Hu/GI.2/Dublin/2016/IRL	99.0	99.296	strong	megablast	4	12.02	52.32	0.00	0.90
ERR14788988	Caliciviridae	Caliciviridae_C010	ERR14788954|k141_526	1745	1	1	ERR14788954	NO	NONE	MN794213	Sapovirus GII.1	98.0	92.632	strong	megablast	0	0.00	0.00	0.00	0.00
ERR14788988	Caliciviridae	Caliciviridae_C011	ERR14788992|k141_12144	1690	1	1	ERR14788992	NO	NONE	PP819507	Sapovirus GI.1	99.0	98.258	strong	megablast	0	0.00	0.00	0.00	0.00
ERR14788988	Caliciviridae	Caliciviridae_C012	ERR14789044|k141_3236	1235	1	1	ERR14789044	NO	NONE	MK291481	Sapovirus GI	99.0	98.488	strong	megablast	0	0.00	0.00	0.00	0.00
ERR14788988	Caliciviridae	Caliciviridae_C013	ERR14789044|k141_971	1142	1	1	ERR14789044	NO	NONE	MN161596	Sapovirus GI	100.0	97.550	strong	megablast	0	0.00	0.00	0.00	0.00
ERR14788988	Caliciviridae	Caliciviridae_C014	ERR14788990|k141_36	1065	1	1	ERR14788990	NO	PARTIAL_MAPPING	PV013596	Sapovirus GI	99.0	99.341	strong	megablast	3	9.02	52.68	0.00	0.98
ERR14788988	Caliciviridae	Caliciviridae_C015	ERR14788992|k141_4651	1034	1	1	ERR14788992	NO	LOCAL_MAPPING	MK236611	Norovirus GI	100.0	97.786	strong	megablast	2	6.01	18.28	0.00	0.68
ERR14788988	Parvoviridae	Parvoviridae_C001	ERR14788995|k141_7572	5456	5	5	ERR14788954,ERR14788990,ERR14788992,ERR14788995,ERR14789044	NO	PARTIAL_MAPPING	OP255991	Human bocavirus 3	100.0	99.735	strong	megablast	20	60.10	50.70	0.00	1.65
ERR14788988	Parvoviridae	Parvoviridae_C002	ERR14788995|k141_6225	5313	4	4	ERR14788990,ERR14788991,ERR14788992,ERR14788995	NO	PARTIAL_MAPPING	KY927869	Rodent bocavirus	99.0	98.191	strong	megablast	29	87.15	60.38	4.33	2.32
ERR14788988	Parvoviridae	Parvoviridae_C006	ERR14789044|k141_3535	1802	3	3	ERR14788990,ERR14788992,ERR14789044	NO	LOCAL_MAPPING	GU048664	Human bocavirus 2	96.0	99.564	strong	megablast	1	3.01	23.53	0.00	0.25
ERR14788988	Parvoviridae	Parvoviridae_C004	ERR14789044|k141_3682	2174	2	2	ERR14788992,ERR14789044	NO	LOCAL_MAPPING	EU082213	Human bocavirus 2	99.0	99.759	strong	megablast	3	9.02	31.19	0.00	0.61
ERR14788988	Parvoviridae	Parvoviridae_C003	ERR14789044|k141_3120	3833	1	1	ERR14789044	NO	NONE	KF771828	Canine bocavirus	99.0	97.459	strong	megablast	0	0.00	0.00	0.00	0.00
ERR14788988	Parvoviridae	Parvoviridae_C005	ERR14788995|k141_2517	2055	1	1	ERR14788995	NO	NONE	GU048664	Human bocavirus 2	99.0	99.415	strong	megablast	0	0.00	0.00	0.00	0.00
ERR14788988	Parvoviridae	Parvoviridae_C007	ERR14788954|k141_5565	1660	1	1	ERR14788954	NO	NONE	PP711821	Rattus rat parvovirus	99.0	90.459	strong	megablast	0	0.00	0.00	0.00	0.00
ERR14788988	Parvoviridae	Parvoviridae_C008	ERR14788954|k141_11587	1377	1	1	ERR14788954	NO	LOCAL_MAPPING	PP711821	Rattus rat parvovirus	98.0	94.383	strong	megablast	2	6.01	17.65	0.00	0.69
ERR14788988	Parvoviridae	Parvoviridae_C009	ERR14788990|k141_2921	1126	1	1	ERR14788990	NO	NONE	MF085373	Porcine bocavirus	97.0	97.793	strong	megablast	0	0.00	0.00	0.00	0.00
ERR14788988	Picornaviridae	Picornaviridae_C001	ERR14788954|k141_3867	7092	1	1	ERR14788954	NO	NONE	KX171334	Enterovirus B106	100.0	82.178	moderate	sensitive_blastn	0	0.00	0.00	0.00	0.00
ERR14788988	Picornaviridae	Picornaviridae_C002	ERR14788954|k141_14829	6088	1	1	ERR14788954	NO	NONE	AY302543	Echovirus E17	99.0	80.753	moderate	sensitive_blastn	0	0.00	0.00	0.00	0.00
ERR14788988	Picornaviridae	Picornaviridae_C003	ERR14788954|k141_20958	3327	1	1	ERR14788954	NO	LOCAL_MAPPING	GQ927704	aichivirus A1	100.0	87.556	moderate	sensitive_blastn	1	3.01	11.06	0.00	0.16
ERR14788988	Picornaviridae	Picornaviridae_C004	ERR14788988|k141_8449	2954	1	1	ERR14788988	YES	ASSEMBLY	MF947441	Kobuvirus sp.	99.0	97.833	strong	megablast	124	372.64	99.19	70.95	17.36
ERR14788988	Picornaviridae	Picornaviridae_C005	ERR14788954|k141_22448	2878	1	1	ERR14788954	NO	NONE	PQ889394	Coxsackievirus A19	99.0	97.497	strong	megablast	0	0.00	0.00	0.00	0.00
ERR14788988	Picornaviridae	Picornaviridae_C006	ERR14788954|k141_15999	2686	1	1	ERR14788954	NO	NONE	PQ889394	Coxsackievirus A19	100.0	98.561	strong	megablast	0	0.00	0.00	0.00	0.00
ERR14788988	Picornaviridae	Picornaviridae_C007	ERR14788954|k141_22664	2458	1	1	ERR14788954	NO	NONE	MZ603081	Picornaviridae sp.	89.0	94.005	strong	megablast	0	0.00	0.00	0.00	0.00
ERR14788988	Picornaviridae	Picornaviridae_C008	ERR14788954|k141_10866	2371	1	1	ERR14788954	NO	NONE	LC321988	Echovirus E9	100.0	97.343	strong	megablast	0	0.00	0.00	0.00	0.00
ERR14788988	Picornaviridae	Picornaviridae_C009	ERR14788995|k141_7513	2262	1	1	ERR14788995	NO	PARTIAL_MAPPING	MK372823	aichivirus A1	98.0	96.496	strong	megablast	15	45.08	74.14	0.00	2.09
ERR14788988	Picornaviridae	Picornaviridae_C010	ERR14788954|k141_18342	1980	1	1	ERR14788954	NO	NONE	OQ791575	Coxsackievirus B5	98.0	86.471	moderate	sensitive_blastn	0	0.00	0.00	0.00	0.00
ERR14788988	Picornaviridae	Picornaviridae_C011	ERR14788954|k141_20065	1888	1	1	ERR14788954	NO	NONE	PQ889389	Coxsackievirus A13	99.0	90.095	strong	megablast	0	0.00	0.00	0.00	0.00
ERR14788988	Picornaviridae	Picornaviridae_C012	ERR14788954|k141_10512	1593	1	1	ERR14788954	NO	NONE	PQ889359	Echovirus E18	99.0	92.575	strong	megablast	0	0.00	0.00	0.00	0.00
ERR14788988	Picornaviridae	Picornaviridae_C013	ERR14788954|k141_3382	1524	1	1	ERR14788954	NO	NONE	PQ889405	Coxsackievirus A24	95.0	87.560	moderate	sensitive_blastn	0	0.00	0.00	0.00	0.00
ERR14788988	Picornaviridae	Picornaviridae_C014	ERR14788954|k141_23799	1465	1	1	ERR14788954	NO	NONE	PX441811	Enterovirus A119	99.0	89.686	moderate	sensitive_blastn	0	0.00	0.00	0.00	0.00
ERR14788988	Picornaviridae	Picornaviridae_C015	ERR14788954|k141_15422	1294	1	1	ERR14788954	NO	NONE	PQ889391	Coxsackievirus A13	100.0	87.287	moderate	sensitive_blastn	0	0.00	0.00	0.00	0.00
ERR14788988	Picornaviridae	Picornaviridae_C016	ERR14788954|k141_19102	1187	1	1	ERR14788954	NO	LOCAL_MAPPING	PQ889396	Coxsackievirus A19	98.0	95.189	strong	megablast	1	3.01	34.63	0.00	0.44
ERR14788988	Picornaviridae	Picornaviridae_C017	ERR14788991|k141_5462	1116	1	1	ERR14788991	NO	LOCAL_MAPPING	PV261144	Salivirus A	95.0	94.607	strong	megablast	2	6.01	31.36	0.00	0.63
ERR14788988	Picornaviridae	Picornaviridae_C018	ERR14788954|k141_21279	1070	1	1	ERR14788954	NO	NONE	MH933858	Human enterovirus	92.0	88.057	moderate	sensitive_blastn	0	0.00	0.00	0.00	0.00
ERR14788988	Picornaviridae	Picornaviridae_C019	ERR14789044|k141_1274	1061	1	1	ERR14789044	NO	LOCAL_MAPPING	MG012434	Sapovirus GV.1	99.0	97.047	strong	megablast	2	6.01	22.62	0.00	0.75
ERR14788988	Picornaviridae	Picornaviridae_C020	ERR14788954|k141_7587	1007	1	1	ERR14788954	NO	NONE	MH608285	Norovirus GII	94.0	96.832	strong	megablast	0	0.00	0.00	0.00	0.00
ERR14788988	Picornaviridae	Picornaviridae_C021	ERR14788954|k141_22796	1004	1	1	ERR14788954	NO	NONE	PV611449	Norovirus GII	100.0	98.805	strong	megablast	0	0.00	0.00	0.00	0.00
ERR14788988	Sedoreoviridae	Sedoreoviridae_C004	ERR14788992|k141_14248	3205	3	3	ERR14788990,ERR14788991,ERR14788992	NO	NONE	OR890193	Rotavirus A	99.0	99.219	strong	megablast	0	0.00	0.00	0.00	0.00
ERR14788988	Sedoreoviridae	Sedoreoviridae_C012	ERR14788992|k141_2176	1922	3	3	ERR14788990,ERR14788991,ERR14788992	NO	NONE	LC491454	Human rotavirus A	100.0	99.303	strong	megablast	0	0.00	0.00	0.00	0.00
ERR14788988	Sedoreoviridae	Sedoreoviridae_C001	ERR14788992|k141_11532	3969	2	2	ERR14788991,ERR14788992	NO	NONE	LC477448	Human rotavirus A	99.0	97.615	strong	megablast	0	0.00	0.00	0.00	0.00
ERR14788988	Sedoreoviridae	Sedoreoviridae_C011	ERR14788991|k141_5815	1923	2	2	ERR14788991,ERR14788992	NO	NONE	KR705256	Rotavirus A	82.0	97.016	strong	megablast	0	0.00	0.00	0.00	0.00
ERR14788988	Sedoreoviridae	Sedoreoviridae_C013	ERR14788992|k141_382	1877	2	2	ERR14788990,ERR14788992	NO	NONE	MH569759	Rotavirus A	99.0	98.738	strong	megablast	0	0.00	0.00	0.00	0.00
ERR14788988	Sedoreoviridae	Sedoreoviridae_C014	ERR14788991|k141_4973	1772	2	2	ERR14788991,ERR14788992	NO	NONE	OR890170	Rotavirus A	99.0	99.085	strong	megablast	0	0.00	0.00	0.00	0.00
ERR14788988	Sedoreoviridae	Sedoreoviridae_C002	ERR14788992|k141_2824	3596	1	1	ERR14788992	NO	NONE	OR890125	Rotavirus A	99.0	99.101	strong	megablast	0	0.00	0.00	0.00	0.00
ERR14788988	Sedoreoviridae	Sedoreoviridae_C003	ERR14788992|k141_8616	3408	1	1	ERR14788992	NO	NONE	LC455770	Rotavirus A	98.0	99.696	strong	megablast	0	0.00	0.00	0.00	0.00
ERR14788988	Sedoreoviridae	Sedoreoviridae_C005	ERR14788992|k141_744	2743	1	1	ERR14788992	NO	NONE	LC477618	Human rotavirus A	99.0	99.811	strong	megablast	0	0.00	0.00	0.00	0.00
ERR14788988	Sedoreoviridae	Sedoreoviridae_C006	ERR14788992|k141_4476	2450	1	1	ERR14788992	NO	NONE	PZ436761	Human rotavirus C	99.0	99.239	strong	megablast	0	0.00	0.00	0.00	0.00
ERR14788988	Sedoreoviridae	Sedoreoviridae_C007	ERR14788992|k141_13491	2276	1	1	ERR14788992	NO	NONE	PX211134	Rotavirus alphagastroenteritidis	100.0	97.803	strong	megablast	0	0.00	0.00	0.00	0.00
ERR14788988	Sedoreoviridae	Sedoreoviridae_C008	ERR14788992|k141_6124	2190	1	1	ERR14788992	NO	NONE	PZ436762	Human rotavirus C	98.0	99.276	strong	megablast	0	0.00	0.00	0.00	0.00
ERR14788988	Sedoreoviridae	Sedoreoviridae_C009	ERR14788992|k141_7633	2074	1	1	ERR14788992	NO	NONE	OR193448	Rotavirus A	99.0	97.927	strong	megablast	0	0.00	0.00	0.00	0.00
ERR14788988	Sedoreoviridae	Sedoreoviridae_C010	ERR14788991|k141_4602	2053	1	1	ERR14788991	NO	NONE	PX492905	Rotavirus alphagastroenteritidis	99.0	97.771	strong	megablast	0	0.00	0.00	0.00	0.00
ERR14788988	Sedoreoviridae	Sedoreoviridae_C015	ERR14788992|k141_1970	1490	1	1	ERR14788992	NO	NONE	MN206054	Human rotavirus C	100.0	99.433	strong	megablast	0	0.00	0.00	0.00	0.00
ERR14788988	Sedoreoviridae	Sedoreoviridae_C016	ERR14788992|k141_12191	1376	1	1	ERR14788992	NO	NONE	MK029688	Human rotavirus P[8]	100.0	99.441	strong	megablast	0	0.00	0.00	0.00	0.00
ERR14788988	Sedoreoviridae	Sedoreoviridae_C017	ERR14788992|k141_1500	1332	1	1	ERR14788992	NO	NONE	JF490795	Rotavirus A human/Vanderbilt/VU05-06-67/2005/G1P[8]	99.0	98.743	strong	megablast	0	0.00	0.00	0.00	0.00
ERR14788988	Sedoreoviridae	Sedoreoviridae_C018	ERR14788992|k141_5652	1311	1	1	ERR14788992	NO	NONE	JQ069757	Human rotavirus A	100.0	98.493	strong	megablast	0	0.00	0.00	0.00	0.00
ERR14788988	Sedoreoviridae	Sedoreoviridae_C019	ERR14788991|k141_3712	1215	1	1	ERR14788991	NO	NONE	KC580308	Rotavirus A	100.0	98.404	strong	megablast	0	0.00	0.00	0.00	0.00
ERR14788988	Sedoreoviridae	Sedoreoviridae_C020	ERR14788991|k141_4019	1115	1	1	ERR14788991	NO	NONE	KU248375	Human rotavirus A	100.0	97.633	strong	megablast	0	0.00	0.00	0.00	0.00
ERR14788988	Sedoreoviridae	Sedoreoviridae_C021	ERR14788991|k141_3749	1110	1	1	ERR14788991	NO	NONE	ON791955	Rotavirus A	99.0	97.933	strong	megablast	0	0.00	0.00	0.00	0.00
ERR14788988	Sedoreoviridae	Sedoreoviridae_C022	ERR14788991|k141_5013	1066	1	1	ERR14788991	NO	NONE	LC227964	Human rotavirus A	97.0	99.517	strong	megablast	0	0.00	0.00	0.00	0.00
ERR14788988	Sedoreoviridae	Sedoreoviridae_C023	ERR14788992|k141_7803	1004	1	1	ERR14788992	NO	NONE	LC477521	Human rotavirus A	100.0	99.172	strong	megablast	0	0.00	0.00	0.00	0.00
ERR14788991	Adenoviridae	Adenoviridae_C001	ERR14788954|k141_44	34268	5	4	ERR14788954,ERR14788991,ERR14788995,ERR14789044	YES	ASSEMBLY	ON532818	Human adenovirus 41	100.0	99.116	strong	megablast	61	314.54	7.74	2.87	0.84
ERR14788991	Adenoviridae	Adenoviridae_C002	ERR14788995|k141_3829	22263	2	2	ERR14788992,ERR14788995	NO	NONE	PZ360988	Human adenovirus 41	99.0	99.954	strong	megablast	9	46.41	4.57	0.49	0.18
ERR14788991	Adenoviridae	Adenoviridae_C003	ERR14788954|k141_1783	5194	1	1	ERR14788954	NO	NONE	OR753124	Human mastadenovirus D	100.0	97.009	strong	megablast	0	0.00	0.00	0.00	0.00
ERR14788991	Adenoviridae	Adenoviridae_C004	ERR14788954|k141_8890	2826	1	1	ERR14788954	NO	NONE	KF268319	Human mastadenovirus D	100.0	98.610	strong	megablast	0	0.00	0.00	0.00	0.00
ERR14788991	Adenoviridae	Adenoviridae_C005	ERR14788954|k141_12718	2465	1	1	ERR14788954	NO	NONE	KX827426	Human mastadenovirus D	99.0	98.691	strong	megablast	0	0.00	0.00	0.00	0.00
ERR14788991	Adenoviridae	Adenoviridae_C006	ERR14788954|k141_9847	1005	1	1	ERR14788954	NO	NONE	KF268200	Human mastadenovirus D	97.0	99.281	strong	megablast	0	0.00	0.00	0.00	0.00
ERR14788991	Astroviridae	Astroviridae_C001	ERR14788992|k141_13885	6925	8	6	ERR14788864,ERR14788990,ERR14788991,ERR14788992,ERR14788995,ERR14789044	YES	ASSEMBLY	PP901925	Human astrovirus 1	100.0	99.426	strong	megablast	3096	15964.03	97.21	87.94	202.45
ERR14788991	Astroviridae	Astroviridae_C005	ERR14788990|k141_1202	4497	3	3	ERR14788990,ERR14788991,ERR14788992	YES	ASSEMBLY	MN444721	Human astrovirus 3	100.0	98.931	strong	megablast	2717	14009.78	74.54	69.56	264.68
ERR14788991	Astroviridae	Astroviridae_C008	ERR14788991|k141_1065	3629	3	3	ERR14788990,ERR14788991,ERR14788992	YES	ASSEMBLY	MN444721	Human astrovirus 3	99.0	98.894	strong	megablast	1621	8358.43	90.25	88.45	192.35
ERR14788991	Astroviridae	Astroviridae_C002	ERR14788954|k141_113	6868	2	2	ERR14788954,ERR14788990	NO	LOCAL_MAPPING	JF327666	Human astrovirus	99.0	97.578	strong	megablast	55	283.60	28.45	5.63	3.56
ERR14788991	Astroviridae	Astroviridae_C006	ERR14788988|k141_8673	4106	2	2	ERR14788988,ERR14788990	NO	LOCAL_MAPPING	MG921619	Human astrovirus	99.0	99.572	strong	megablast	5	25.78	10.96	0.00	0.48
ERR14788991	Astroviridae	Astroviridae_C003	ERR14788988|k141_14774	6459	1	1	ERR14788988	NO	NONE	PQ435237	Mamastrovirus 2	99.0	95.100	strong	megablast	0	0.00	0.00	0.00	0.00
ERR14788991	Astroviridae	Astroviridae_C004	ERR14788991|k141_1036	5333	1	1	ERR14788991	YES	ASSEMBLY	KF039910	Human astrovirus 2	99.0	96.155	strong	megablast	370	1907.85	91.17	72.89	30.07
ERR14788991	Astroviridae	Astroviridae_C007	ERR14789044|k141_2387	3810	1	1	ERR14789044	NO	LOCAL_MAPPING	MT766328	Astrovirus MLB1	100.0	99.305	strong	megablast	15	77.35	39.08	5.35	1.38
ERR14788991	Astroviridae	Astroviridae_C009	ERR14788954|k141_21331	2830	1	1	ERR14788954	NO	NONE	KJ656124	Astrovirus VA5	100.0	96.861	strong	megablast	0	0.00	0.00	0.00	0.00
ERR14788991	Astroviridae	Astroviridae_C010	ERR14788954|k141_3447	2508	1	1	ERR14788954	NO	NONE	PX619609	Human astrovirus 4	100.0	91.790	strong	megablast	0	0.00	0.00	0.00	0.00
ERR14788991	Astroviridae	Astroviridae_C011	ERR14788954|k141_23684	2413	1	1	ERR14788954	NO	NONE	OQ802716	Jingmen rodent astrovirus 2	99.0	84.234	moderate	sensitive_blastn	0	0.00	0.00	0.00	0.00
ERR14788991	Astroviridae	Astroviridae_C012	ERR14788991|k141_2217	2320	1	1	ERR14788991	YES	ASSEMBLY	JX087965	Human astrovirus 1	100.0	97.520	strong	megablast	129	665.17	100.00	61.98	23.93
ERR14788991	Astroviridae	Astroviridae_C013	ERR14788991|k141_1804	2066	1	1	ERR14788991	YES	ASSEMBLY	LC694997	Human astrovirus 1	100.0	94.686	strong	megablast	25	128.91	37.12	21.10	4.82
ERR14788991	Astroviridae	Astroviridae_C014	ERR14788990|k141_568	2013	1	1	ERR14788990	NO	LOCAL_MAPPING	LC694997	Human astrovirus 1	99.0	98.587	strong	megablast	6	30.94	44.96	0.00	1.01
ERR14788991	Astroviridae	Astroviridae_C015	ERR14788954|k141_16872	1925	1	1	ERR14788954	NO	NONE	KJ656124	Astrovirus VA5	97.0	96.583	strong	megablast	0	0.00	0.00	0.00	0.00
ERR14788991	Astroviridae	Astroviridae_C016	ERR14789044|k141_33	1664	1	1	ERR14789044	NO	NONE	ON807354	Mamastrovirus 1	100.0	98.496	strong	megablast	1	5.16	6.55	0.00	0.07
ERR14788991	Astroviridae	Astroviridae_C017	ERR14788990|k141_1280	1520	1	1	ERR14788990	NO	PARTIAL_MAPPING	MK882944	Human astrovirus 8	99.0	98.749	strong	megablast	47	242.35	72.43	35.53	13.49
ERR14788991	Astroviridae	Astroviridae_C018	ERR14788995|k141_2627	1455	1	1	ERR14788995	NO	HIGH_BREADTH_MAPPING	KX022687	Astrovirus MLB2	100.0	98.969	strong	megablast	45	232.04	89.42	63.51	14.44
ERR14788991	Astroviridae	Astroviridae_C019	ERR14788990|k141_2323	1356	1	1	ERR14788990	NO	PARTIAL_MAPPING	PV189388	Human astrovirus 4	99.0	95.487	strong	megablast	82	422.82	66.81	36.21	28.69
ERR14788991	Astroviridae	Astroviridae_C020	ERR14788990|k141_2898	1085	1	1	ERR14788990	NO	NONE	KF039910	Human astrovirus 2	100.0	95.662	strong	megablast	0	0.00	0.00	0.00	0.00
ERR14788991	Astroviridae	Astroviridae_C021	ERR14789044|k141_1969	1038	1	1	ERR14789044	NO	LOCAL_MAPPING	MK108183	Mamastrovirus 1	100.0	100.000	strong	megablast	1	5.16	28.52	0.00	0.55
ERR14788991	Astroviridae	Astroviridae_C022	ERR14788990|k141_238	1000	1	1	ERR14788990	NO	LOCAL_MAPPING	MH933757	Human astrovirus	98.0	97.454	strong	megablast	1	5.16	23.00	0.00	0.46
ERR14788991	Caliciviridae	Caliciviridae_C004	ERR14788991|k141_4783	2777	4	4	ERR14788954,ERR14788988,ERR14788991,ERR14788992	YES	ASSEMBLY	MF431582	Sapovirus Hu/GI.2/Dublin/2016/IRL	100.0	99.247	strong	megablast	199	1026.11	87.43	81.53	30.32
ERR14788991	Caliciviridae	Caliciviridae_C009	ERR14788991|k141_4615	1766	2	2	ERR14788991,ERR14788992	YES	ASSEMBLY	MF431582	Sapovirus Hu/GI.2/Dublin/2016/IRL	100.0	99.037	strong	megablast	80	412.51	100.00	51.36	20.46
ERR14788991	Caliciviridae	Caliciviridae_C001	ERR14788954|k141_3875	7721	1	1	ERR14788954	NO	NONE	MH608286	Norovirus GI	81.0	95.014	strong	megablast	0	0.00	0.00	0.00	0.00
ERR14788991	Caliciviridae	Caliciviridae_C002	ERR14788954|k141_15579	5510	1	1	ERR14788954	NO	NONE	MH922773	Sapovirus GII	99.0	86.839	moderate	sensitive_blastn	1	5.16	2.00	0.00	0.04
ERR14788991	Caliciviridae	Caliciviridae_C003	ERR14788954|k141_3618	4764	1	1	ERR14788954	NO	NONE	OP255973	Sapovirus GI	99.0	95.611	strong	megablast	0	0.00	0.00	0.00	0.00
ERR14788991	Caliciviridae	Caliciviridae_C005	ERR14789044|k141_25	2648	1	1	ERR14789044	NO	LOCAL_MAPPING	MG012434	Sapovirus GV.1	99.0	98.819	strong	megablast	14	72.19	33.99	7.74	2.21
ERR14788991	Caliciviridae	Caliciviridae_C006	ERR14788991|k141_2057	2461	1	1	ERR14788991	YES	ASSEMBLY	LC816516	Sapovirus GII.2	99.0	98.312	strong	megablast	150	773.45	100.00	82.61	27.53
ERR14788991	Caliciviridae	Caliciviridae_C007	ERR14789044|k141_2725	2358	1	1	ERR14789044	NO	LOCAL_MAPPING	MG012434	Sapovirus GV.1	100.0	98.813	strong	megablast	17	87.66	32.61	12.64	3.24
ERR14788991	Caliciviridae	Caliciviridae_C008	ERR14788991|k141_5592	2221	1	1	ERR14788991	YES	ASSEMBLY	MF431582	Sapovirus Hu/GI.2/Dublin/2016/IRL	99.0	99.296	strong	megablast	55	283.60	93.47	34.49	9.84
ERR14788991	Caliciviridae	Caliciviridae_C010	ERR14788954|k141_526	1745	1	1	ERR14788954	NO	NONE	MN794213	Sapovirus GII.1	98.0	92.632	strong	megablast	0	0.00	0.00	0.00	0.00
ERR14788991	Caliciviridae	Caliciviridae_C011	ERR14788992|k141_12144	1690	1	1	ERR14788992	NO	PARTIAL_MAPPING	PP819507	Sapovirus GI.1	99.0	98.258	strong	megablast	39	201.10	57.57	41.89	10.27
ERR14788991	Caliciviridae	Caliciviridae_C012	ERR14789044|k141_3236	1235	1	1	ERR14789044	NO	LOCAL_MAPPING	MK291481	Sapovirus GI	99.0	98.488	strong	megablast	40	206.25	33.93	33.93	15.67
ERR14788991	Caliciviridae	Caliciviridae_C013	ERR14789044|k141_971	1142	1	1	ERR14789044	NO	LOCAL_MAPPING	MN161596	Sapovirus GI	100.0	97.550	strong	megablast	32	165.00	40.89	27.58	9.94
ERR14788991	Caliciviridae	Caliciviridae_C014	ERR14788990|k141_36	1065	1	1	ERR14788990	NO	NONE	PV013596	Sapovirus GI	99.0	99.341	strong	megablast	0	0.00	0.00	0.00	0.00
ERR14788991	Caliciviridae	Caliciviridae_C015	ERR14788992|k141_4651	1034	1	1	ERR14788992	NO	NONE	MK236611	Norovirus GI	100.0	97.786	strong	megablast	0	0.00	0.00	0.00	0.00
ERR14788991	Parvoviridae	Parvoviridae_C001	ERR14788995|k141_7572	5456	5	5	ERR14788954,ERR14788990,ERR14788992,ERR14788995,ERR14789044	NO	LOCAL_MAPPING	OP255991	Human bocavirus 3	100.0	99.735	strong	megablast	45	232.04	46.72	12.24	3.68
ERR14788991	Parvoviridae	Parvoviridae_C002	ERR14788995|k141_6225	5313	4	4	ERR14788990,ERR14788991,ERR14788992,ERR14788995	YES	ASSEMBLY	KY927869	Rodent bocavirus	99.0	98.191	strong	megablast	350	1804.72	88.63	64.84	24.09
ERR14788991	Parvoviridae	Parvoviridae_C006	ERR14789044|k141_3535	1802	3	3	ERR14788990,ERR14788992,ERR14789044	NO	NONE	GU048664	Human bocavirus 2	96.0	99.564	strong	megablast	0	0.00	0.00	0.00	0.00
ERR14788991	Parvoviridae	Parvoviridae_C004	ERR14789044|k141_3682	2174	2	2	ERR14788992,ERR14789044	NO	LOCAL_MAPPING	EU082213	Human bocavirus 2	99.0	99.759	strong	megablast	2	10.31	16.19	0.00	0.32
ERR14788991	Parvoviridae	Parvoviridae_C003	ERR14789044|k141_3120	3833	1	1	ERR14789044	NO	NONE	KF771828	Canine bocavirus	99.0	97.459	strong	megablast	0	0.00	0.00	0.00	0.00
ERR14788991	Parvoviridae	Parvoviridae_C005	ERR14788995|k141_2517	2055	1	1	ERR14788995	NO	LOCAL_MAPPING	GU048664	Human bocavirus 2	99.0	99.415	strong	megablast	9	46.41	11.68	10.95	1.80
ERR14788991	Parvoviridae	Parvoviridae_C007	ERR14788954|k141_5565	1660	1	1	ERR14788954	NO	NONE	PP711821	Rattus rat parvovirus	99.0	90.459	strong	megablast	0	0.00	0.00	0.00	0.00
ERR14788991	Parvoviridae	Parvoviridae_C008	ERR14788954|k141_11587	1377	1	1	ERR14788954	NO	LOCAL_MAPPING	PP711821	Rattus rat parvovirus	98.0	94.383	strong	megablast	2	10.31	26.43	0.00	0.76
ERR14788991	Parvoviridae	Parvoviridae_C009	ERR14788990|k141_2921	1126	1	1	ERR14788990	NO	NONE	MF085373	Porcine bocavirus	97.0	97.793	strong	megablast	0	0.00	0.00	0.00	0.00
ERR14788991	Picornaviridae	Picornaviridae_C001	ERR14788954|k141_3867	7092	1	1	ERR14788954	NO	NONE	KX171334	Enterovirus B106	100.0	82.178	moderate	sensitive_blastn	0	0.00	0.00	0.00	0.00
ERR14788991	Picornaviridae	Picornaviridae_C002	ERR14788954|k141_14829	6088	1	1	ERR14788954	NO	NONE	AY302543	Echovirus E17	99.0	80.753	moderate	sensitive_blastn	0	0.00	0.00	0.00	0.00
ERR14788991	Picornaviridae	Picornaviridae_C003	ERR14788954|k141_20958	3327	1	1	ERR14788954	NO	NONE	GQ927704	aichivirus A1	100.0	87.556	moderate	sensitive_blastn	0	0.00	0.00	0.00	0.00
ERR14788991	Picornaviridae	Picornaviridae_C004	ERR14788988|k141_8449	2954	1	1	ERR14788988	NO	LOCAL_MAPPING	MF947441	Kobuvirus sp.	99.0	97.833	strong	megablast	20	103.13	17.20	14.25	2.56
ERR14788991	Picornaviridae	Picornaviridae_C005	ERR14788954|k141_22448	2878	1	1	ERR14788954	NO	NONE	PQ889394	Coxsackievirus A19	99.0	97.497	strong	megablast	0	0.00	0.00	0.00	0.00
ERR14788991	Picornaviridae	Picornaviridae_C006	ERR14788954|k141_15999	2686	1	1	ERR14788954	NO	NONE	PQ889394	Coxsackievirus A19	100.0	98.561	strong	megablast	0	0.00	0.00	0.00	0.00
ERR14788991	Picornaviridae	Picornaviridae_C007	ERR14788954|k141_22664	2458	1	1	ERR14788954	NO	NONE	MZ603081	Picornaviridae sp.	89.0	94.005	strong	megablast	0	0.00	0.00	0.00	0.00
ERR14788991	Picornaviridae	Picornaviridae_C008	ERR14788954|k141_10866	2371	1	1	ERR14788954	NO	NONE	LC321988	Echovirus E9	100.0	97.343	strong	megablast	0	0.00	0.00	0.00	0.00
ERR14788991	Picornaviridae	Picornaviridae_C009	ERR14788995|k141_7513	2262	1	1	ERR14788995	NO	LOCAL_MAPPING	MK372823	aichivirus A1	98.0	96.496	strong	megablast	8	41.25	12.56	9.73	1.33
ERR14788991	Picornaviridae	Picornaviridae_C010	ERR14788954|k141_18342	1980	1	1	ERR14788954	NO	NONE	OQ791575	Coxsackievirus B5	98.0	86.471	moderate	sensitive_blastn	0	0.00	0.00	0.00	0.00
ERR14788991	Picornaviridae	Picornaviridae_C011	ERR14788954|k141_20065	1888	1	1	ERR14788954	NO	NONE	PQ889389	Coxsackievirus A13	99.0	90.095	strong	megablast	0	0.00	0.00	0.00	0.00
ERR14788991	Picornaviridae	Picornaviridae_C012	ERR14788954|k141_10512	1593	1	1	ERR14788954	NO	NONE	PQ889359	Echovirus E18	99.0	92.575	strong	megablast	0	0.00	0.00	0.00	0.00
ERR14788991	Picornaviridae	Picornaviridae_C013	ERR14788954|k141_3382	1524	1	1	ERR14788954	NO	NONE	PQ889405	Coxsackievirus A24	95.0	87.560	moderate	sensitive_blastn	0	0.00	0.00	0.00	0.00
ERR14788991	Picornaviridae	Picornaviridae_C014	ERR14788954|k141_23799	1465	1	1	ERR14788954	NO	NONE	PX441811	Enterovirus A119	99.0	89.686	moderate	sensitive_blastn	0	0.00	0.00	0.00	0.00
ERR14788991	Picornaviridae	Picornaviridae_C015	ERR14788954|k141_15422	1294	1	1	ERR14788954	NO	NONE	PQ889391	Coxsackievirus A13	100.0	87.287	moderate	sensitive_blastn	0	0.00	0.00	0.00	0.00
ERR14788991	Picornaviridae	Picornaviridae_C016	ERR14788954|k141_19102	1187	1	1	ERR14788954	NO	NONE	PQ889396	Coxsackievirus A19	98.0	95.189	strong	megablast	0	0.00	0.00	0.00	0.00
ERR14788991	Picornaviridae	Picornaviridae_C017	ERR14788991|k141_5462	1116	1	1	ERR14788991	YES	ASSEMBLY	PV261144	Salivirus A	95.0	94.607	strong	megablast	46	237.19	100.00	84.32	17.69
ERR14788991	Picornaviridae	Picornaviridae_C018	ERR14788954|k141_21279	1070	1	1	ERR14788954	NO	NONE	MH933858	Human enterovirus	92.0	88.057	moderate	sensitive_blastn	0	0.00	0.00	0.00	0.00
ERR14788991	Picornaviridae	Picornaviridae_C019	ERR14789044|k141_1274	1061	1	1	ERR14789044	NO	NONE	MG012434	Sapovirus GV.1	99.0	97.047	strong	megablast	0	0.00	0.00	0.00	0.00
ERR14788991	Picornaviridae	Picornaviridae_C020	ERR14788954|k141_7587	1007	1	1	ERR14788954	NO	NONE	MH608285	Norovirus GII	94.0	96.832	strong	megablast	0	0.00	0.00	0.00	0.00
ERR14788991	Picornaviridae	Picornaviridae_C021	ERR14788954|k141_22796	1004	1	1	ERR14788954	NO	NONE	PV611449	Norovirus GII	100.0	98.805	strong	megablast	0	0.00	0.00	0.00	0.00
ERR14788991	Sedoreoviridae	Sedoreoviridae_C004	ERR14788992|k141_14248	3205	3	3	ERR14788990,ERR14788991,ERR14788992	YES	ASSEMBLY	OR890193	Rotavirus A	99.0	99.219	strong	megablast	305	1572.68	71.67	44.52	43.75
ERR14788991	Sedoreoviridae	Sedoreoviridae_C012	ERR14788992|k141_2176	1922	3	3	ERR14788990,ERR14788991,ERR14788992	YES	ASSEMBLY	LC491454	Human rotavirus A	100.0	99.303	strong	megablast	26	134.06	28.62	18.68	6.51
ERR14788991	Sedoreoviridae	Sedoreoviridae_C001	ERR14788992|k141_11532	3969	2	2	ERR14788991,ERR14788992	YES	ASSEMBLY	LC477448	Human rotavirus A	99.0	97.615	strong	megablast	60	309.38	69.89	25.93	7.16
ERR14788991	Sedoreoviridae	Sedoreoviridae_C011	ERR14788991|k141_5815	1923	2	2	ERR14788991,ERR14788992	YES	ASSEMBLY	KR705256	Rotavirus A	82.0	97.016	strong	megablast	64	330.01	63.75	60.58	15.05
ERR14788991	Sedoreoviridae	Sedoreoviridae_C013	ERR14788992|k141_382	1877	2	2	ERR14788990,ERR14788992	NO	PARTIAL_MAPPING	MH569759	Rotavirus A	99.0	98.738	strong	megablast	120	618.76	78.42	71.92	27.77
ERR14788991	Sedoreoviridae	Sedoreoviridae_C014	ERR14788991|k141_4973	1772	2	2	ERR14788991,ERR14788992	YES	ASSEMBLY	OR890170	Rotavirus A	99.0	99.085	strong	megablast	66	340.32	98.81	68.17	16.34
ERR14788991	Sedoreoviridae	Sedoreoviridae_C002	ERR14788992|k141_2824	3596	1	1	ERR14788992	NO	NONE	OR890125	Rotavirus A	99.0	99.101	strong	megablast	1	5.16	8.54	0.00	0.10
ERR14788991	Sedoreoviridae	Sedoreoviridae_C003	ERR14788992|k141_8616	3408	1	1	ERR14788992	NO	LOCAL_MAPPING	LC455770	Rotavirus A	98.0	99.696	strong	megablast	60	309.38	46.83	21.16	7.81
ERR14788991	Sedoreoviridae	Sedoreoviridae_C005	ERR14788992|k141_744	2743	1	1	ERR14788992	NO	LOCAL_MAPPING	LC477618	Human rotavirus A	99.0	99.811	strong	megablast	24	123.75	43.89	12.25	3.06
ERR14788991	Sedoreoviridae	Sedoreoviridae_C006	ERR14788992|k141_4476	2450	1	1	ERR14788992	NO	LOCAL_MAPPING	PZ436761	Human rotavirus C	99.0	99.239	strong	megablast	2	10.31	13.80	0.00	0.32
ERR14788991	Sedoreoviridae	Sedoreoviridae_C007	ERR14788992|k141_13491	2276	1	1	ERR14788992	NO	LOCAL_MAPPING	PX211134	Rotavirus alphagastroenteritidis	100.0	97.803	strong	megablast	15	77.35	47.72	14.28	3.37
ERR14788991	Sedoreoviridae	Sedoreoviridae_C008	ERR14788992|k141_6124	2190	1	1	ERR14788992	NO	NONE	PZ436762	Human rotavirus C	98.0	99.276	strong	megablast	0	0.00	0.00	0.00	0.00
ERR14788991	Sedoreoviridae	Sedoreoviridae_C009	ERR14788992|k141_7633	2074	1	1	ERR14788992	NO	LOCAL_MAPPING	OR193448	Rotavirus A	99.0	97.927	strong	megablast	3	15.47	11.57	0.00	0.69
ERR14788991	Sedoreoviridae	Sedoreoviridae_C010	ERR14788991|k141_4602	2053	1	1	ERR14788991	YES	ASSEMBLY	PX492905	Rotavirus alphagastroenteritidis	99.0	97.771	strong	megablast	30	154.69	61.37	19.05	6.30
ERR14788991	Sedoreoviridae	Sedoreoviridae_C015	ERR14788992|k141_1970	1490	1	1	ERR14788992	NO	NONE	MN206054	Human rotavirus C	100.0	99.433	strong	megablast	0	0.00	0.00	0.00	0.00
ERR14788991	Sedoreoviridae	Sedoreoviridae_C016	ERR14788992|k141_12191	1376	1	1	ERR14788992	NO	LOCAL_MAPPING	MK029688	Human rotavirus P[8]	100.0	99.441	strong	megablast	5	25.78	17.95	0.00	1.11
ERR14788991	Sedoreoviridae	Sedoreoviridae_C017	ERR14788992|k141_1500	1332	1	1	ERR14788992	NO	LOCAL_MAPPING	JF490795	Rotavirus A human/Vanderbilt/VU05-06-67/2005/G1P[8]	99.0	98.743	strong	megablast	1	5.16	22.45	0.00	0.45
ERR14788991	Sedoreoviridae	Sedoreoviridae_C018	ERR14788992|k141_5652	1311	1	1	ERR14788992	NO	LOCAL_MAPPING	JQ069757	Human rotavirus A	100.0	98.493	strong	megablast	5	25.78	29.14	0.00	1.74
ERR14788991	Sedoreoviridae	Sedoreoviridae_C019	ERR14788991|k141_3712	1215	1	1	ERR14788991	YES	ASSEMBLY	KC580308	Rotavirus A	100.0	98.404	strong	megablast	36	185.63	96.30	57.61	15.16
ERR14788991	Sedoreoviridae	Sedoreoviridae_C020	ERR14788991|k141_4019	1115	1	1	ERR14788991	YES	ASSEMBLY	KU248375	Human rotavirus A	100.0	97.633	strong	megablast	1	5.16	24.84	0.00	0.35
ERR14788991	Sedoreoviridae	Sedoreoviridae_C021	ERR14788991|k141_3749	1110	1	1	ERR14788991	YES	ASSEMBLY	ON791955	Rotavirus A	99.0	97.933	strong	megablast	22	113.44	87.03	43.51	9.52
ERR14788991	Sedoreoviridae	Sedoreoviridae_C022	ERR14788991|k141_5013	1066	1	1	ERR14788991	YES	ASSEMBLY	LC227964	Human rotavirus A	97.0	99.517	strong	megablast	15	77.35	56.75	28.14	5.80
ERR14788991	Sedoreoviridae	Sedoreoviridae_C023	ERR14788992|k141_7803	1004	1	1	ERR14788992	NO	LOCAL_MAPPING	LC477521	Human rotavirus A	100.0	99.172	strong	megablast	2	10.31	29.28	0.00	0.82
ERR14788992	Adenoviridae	Adenoviridae_C001	ERR14788954|k141_44	34268	5	4	ERR14788954,ERR14788991,ERR14788995,ERR14789044	NO	LOCAL_MAPPING	ON532818	Human adenovirus 41	100.0	99.116	strong	megablast	100	300.10	22.02	3.08	1.26
ERR14788992	Adenoviridae	Adenoviridae_C002	ERR14788995|k141_3829	22263	2	2	ERR14788992,ERR14788995	YES	ASSEMBLY	PZ360988	Human adenovirus 41	99.0	99.954	strong	megablast	16	48.02	10.18	0.00	0.30
ERR14788992	Adenoviridae	Adenoviridae_C003	ERR14788954|k141_1783	5194	1	1	ERR14788954	NO	NONE	OR753124	Human mastadenovirus D	100.0	97.009	strong	megablast	0	0.00	0.00	0.00	0.00
ERR14788992	Adenoviridae	Adenoviridae_C004	ERR14788954|k141_8890	2826	1	1	ERR14788954	NO	NONE	KF268319	Human mastadenovirus D	100.0	98.610	strong	megablast	0	0.00	0.00	0.00	0.00
ERR14788992	Adenoviridae	Adenoviridae_C005	ERR14788954|k141_12718	2465	1	1	ERR14788954	NO	NONE	KX827426	Human mastadenovirus D	99.0	98.691	strong	megablast	1	3.00	9.86	0.00	0.20
ERR14788992	Adenoviridae	Adenoviridae_C006	ERR14788954|k141_9847	1005	1	1	ERR14788954	NO	NONE	KF268200	Human mastadenovirus D	97.0	99.281	strong	megablast	0	0.00	0.00	0.00	0.00
ERR14788992	Astroviridae	Astroviridae_C001	ERR14788992|k141_13885	6925	8	6	ERR14788864,ERR14788990,ERR14788991,ERR14788992,ERR14788995,ERR14789044	YES	ASSEMBLY	PP901925	Human astrovirus 1	100.0	99.426	strong	megablast	4488	13468.34	98.82	94.45	290.60
ERR14788992	Astroviridae	Astroviridae_C005	ERR14788990|k141_1202	4497	3	3	ERR14788990,ERR14788991,ERR14788992	YES	ASSEMBLY	MN444721	Human astrovirus 3	100.0	98.931	strong	megablast	1033	3100.00	66.76	64.13	100.73
ERR14788992	Astroviridae	Astroviridae_C008	ERR14788991|k141_1065	3629	3	3	ERR14788990,ERR14788991,ERR14788992	YES	ASSEMBLY	MN444721	Human astrovirus 3	99.0	98.894	strong	megablast	632	1896.61	96.09	78.92	74.97
ERR14788992	Astroviridae	Astroviridae_C002	ERR14788954|k141_113	6868	2	2	ERR14788954,ERR14788990	NO	LOCAL_MAPPING	JF327666	Human astrovirus	99.0	97.578	strong	megablast	3	9.00	10.18	0.00	0.24
ERR14788992	Astroviridae	Astroviridae_C006	ERR14788988|k141_8673	4106	2	2	ERR14788988,ERR14788990	NO	LOCAL_MAPPING	MG921619	Human astrovirus	99.0	99.572	strong	megablast	3	9.00	10.89	0.00	0.30
ERR14788992	Astroviridae	Astroviridae_C003	ERR14788988|k141_14774	6459	1	1	ERR14788988	NO	NONE	PQ435237	Mamastrovirus 2	99.0	95.100	strong	megablast	0	0.00	0.00	0.00	0.00
ERR14788992	Astroviridae	Astroviridae_C004	ERR14788991|k141_1036	5333	1	1	ERR14788991	NO	LOCAL_MAPPING	KF039910	Human astrovirus 2	99.0	96.155	strong	megablast	12	36.01	29.85	0.00	0.88
ERR14788992	Astroviridae	Astroviridae_C007	ERR14789044|k141_2387	3810	1	1	ERR14789044	NO	NONE	MT766328	Astrovirus MLB1	100.0	99.305	strong	megablast	1	3.00	9.16	0.00	0.15
ERR14788992	Astroviridae	Astroviridae_C009	ERR14788954|k141_21331	2830	1	1	ERR14788954	NO	NONE	KJ656124	Astrovirus VA5	100.0	96.861	strong	megablast	0	0.00	0.00	0.00	0.00
ERR14788992	Astroviridae	Astroviridae_C010	ERR14788954|k141_3447	2508	1	1	ERR14788954	NO	NONE	PX619609	Human astrovirus 4	100.0	91.790	strong	megablast	0	0.00	0.00	0.00	0.00
ERR14788992	Astroviridae	Astroviridae_C011	ERR14788954|k141_23684	2413	1	1	ERR14788954	NO	NONE	OQ802716	Jingmen rodent astrovirus 2	99.0	84.234	moderate	sensitive_blastn	3	9.00	9.20	0.00	0.53
ERR14788992	Astroviridae	Astroviridae_C012	ERR14788991|k141_2217	2320	1	1	ERR14788991	NO	LOCAL_MAPPING	JX087965	Human astrovirus 1	100.0	97.520	strong	megablast	20	60.02	42.28	20.47	3.69
ERR14788992	Astroviridae	Astroviridae_C013	ERR14788991|k141_1804	2066	1	1	ERR14788991	NO	LOCAL_MAPPING	LC694997	Human astrovirus 1	100.0	94.686	strong	megablast	5	15.00	22.46	0.00	0.78
ERR14788992	Astroviridae	Astroviridae_C014	ERR14788990|k141_568	2013	1	1	ERR14788990	NO	NONE	LC694997	Human astrovirus 1	99.0	98.587	strong	megablast	0	0.00	0.00	0.00	0.00
ERR14788992	Astroviridae	Astroviridae_C015	ERR14788954|k141_16872	1925	1	1	ERR14788954	NO	NONE	KJ656124	Astrovirus VA5	97.0	96.583	strong	megablast	0	0.00	0.00	0.00	0.00
ERR14788992	Astroviridae	Astroviridae_C016	ERR14789044|k141_33	1664	1	1	ERR14789044	NO	LOCAL_MAPPING	ON807354	Mamastrovirus 1	100.0	98.496	strong	megablast	3	9.00	10.40	0.00	0.62
ERR14788992	Astroviridae	Astroviridae_C017	ERR14788990|k141_1280	1520	1	1	ERR14788990	NO	PARTIAL_MAPPING	MK882944	Human astrovirus 8	99.0	98.749	strong	megablast	15	45.01	77.63	21.12	4.97
ERR14788992	Astroviridae	Astroviridae_C018	ERR14788995|k141_2627	1455	1	1	ERR14788995	NO	LOCAL_MAPPING	KX022687	Astrovirus MLB2	100.0	98.969	strong	megablast	3	9.00	22.54	0.00	1.17
ERR14788992	Astroviridae	Astroviridae_C019	ERR14788990|k141_2323	1356	1	1	ERR14788990	NO	NONE	PV189388	Human astrovirus 4	99.0	95.487	strong	megablast	0	0.00	0.00	0.00	0.00
ERR14788992	Astroviridae	Astroviridae_C020	ERR14788990|k141_2898	1085	1	1	ERR14788990	NO	NONE	KF039910	Human astrovirus 2	100.0	95.662	strong	megablast	0	0.00	0.00	0.00	0.00
ERR14788992	Astroviridae	Astroviridae_C021	ERR14789044|k141_1969	1038	1	1	ERR14789044	NO	LOCAL_MAPPING	MK108183	Mamastrovirus 1	100.0	100.000	strong	megablast	1	3.00	21.87	0.00	0.22
ERR14788992	Astroviridae	Astroviridae_C022	ERR14788990|k141_238	1000	1	1	ERR14788990	NO	PARTIAL_MAPPING	MH933757	Human astrovirus	98.0	97.454	strong	megablast	28	84.03	56.00	44.90	10.62
ERR14788992	Caliciviridae	Caliciviridae_C004	ERR14788991|k141_4783	2777	4	4	ERR14788954,ERR14788988,ERR14788991,ERR14788992	YES	ASSEMBLY	MF431582	Sapovirus Hu/GI.2/Dublin/2016/IRL	100.0	99.247	strong	megablast	62	186.06	74.07	35.69	9.37
ERR14788992	Caliciviridae	Caliciviridae_C009	ERR14788991|k141_4615	1766	2	2	ERR14788991,ERR14788992	YES	ASSEMBLY	MF431582	Sapovirus Hu/GI.2/Dublin/2016/IRL	100.0	99.037	strong	megablast	21	63.02	54.59	28.77	5.76
ERR14788992	Caliciviridae	Caliciviridae_C001	ERR14788954|k141_3875	7721	1	1	ERR14788954	NO	NONE	MH608286	Norovirus GI	81.0	95.014	strong	megablast	0	0.00	0.00	0.00	0.00
ERR14788992	Caliciviridae	Caliciviridae_C002	ERR14788954|k141_15579	5510	1	1	ERR14788954	NO	NONE	MH922773	Sapovirus GII	99.0	86.839	moderate	sensitive_blastn	0	0.00	0.00	0.00	0.00
ERR14788992	Caliciviridae	Caliciviridae_C003	ERR14788954|k141_3618	4764	1	1	ERR14788954	NO	NONE	OP255973	Sapovirus GI	99.0	95.611	strong	megablast	0	0.00	0.00	0.00	0.00
ERR14788992	Caliciviridae	Caliciviridae_C005	ERR14789044|k141_25	2648	1	1	ERR14789044	NO	LOCAL_MAPPING	MG012434	Sapovirus GV.1	99.0	98.819	strong	megablast	5	15.00	32.10	0.00	0.53
ERR14788992	Caliciviridae	Caliciviridae_C006	ERR14788991|k141_2057	2461	1	1	ERR14788991	NO	LOCAL_MAPPING	LC816516	Sapovirus GII.2	99.0	98.312	strong	megablast	15	45.01	22.84	11.70	2.86
ERR14788992	Caliciviridae	Caliciviridae_C007	ERR14789044|k141_2725	2358	1	1	ERR14789044	NO	PARTIAL_MAPPING	MG012434	Sapovirus GV.1	100.0	98.813	strong	megablast	19	57.02	57.04	13.91	3.59
ERR14788992	Caliciviridae	Caliciviridae_C008	ERR14788991|k141_5592	2221	1	1	ERR14788991	NO	LOCAL_MAPPING	MF431582	Sapovirus Hu/GI.2/Dublin/2016/IRL	99.0	99.296	strong	megablast	11	33.01	48.40	0.00	2.01
ERR14788992	Caliciviridae	Caliciviridae_C010	ERR14788954|k141_526	1745	1	1	ERR14788954	NO	NONE	MN794213	Sapovirus GII.1	98.0	92.632	strong	megablast	0	0.00	0.00	0.00	0.00
ERR14788992	Caliciviridae	Caliciviridae_C011	ERR14788992|k141_12144	1690	1	1	ERR14788992	YES	ASSEMBLY	PP819507	Sapovirus GI.1	99.0	98.258	strong	megablast	37	111.04	93.43	44.20	9.56
ERR14788992	Caliciviridae	Caliciviridae_C012	ERR14789044|k141_3236	1235	1	1	ERR14789044	NO	LOCAL_MAPPING	MK291481	Sapovirus GI	99.0	98.488	strong	megablast	7	21.01	15.22	13.12	1.95
ERR14788992	Caliciviridae	Caliciviridae_C013	ERR14789044|k141_971	1142	1	1	ERR14789044	NO	LOCAL_MAPPING	MN161596	Sapovirus GI	100.0	97.550	strong	megablast	9	27.01	42.56	6.13	2.91
ERR14788992	Caliciviridae	Caliciviridae_C014	ERR14788990|k141_36	1065	1	1	ERR14788990	NO	NONE	PV013596	Sapovirus GI	99.0	99.341	strong	megablast	0	0.00	0.00	0.00	0.00
ERR14788992	Caliciviridae	Caliciviridae_C015	ERR14788992|k141_4651	1034	1	1	ERR14788992	YES	ASSEMBLY	MK236611	Norovirus GI	100.0	97.786	strong	megablast	27	81.03	93.62	29.88	11.35
ERR14788992	Parvoviridae	Parvoviridae_C001	ERR14788995|k141_7572	5456	5	5	ERR14788954,ERR14788990,ERR14788992,ERR14788995,ERR14789044	YES	ASSEMBLY	OP255991	Human bocavirus 3	100.0	99.735	strong	megablast	115	345.11	85.48	41.17	9.81
ERR14788992	Parvoviridae	Parvoviridae_C002	ERR14788995|k141_6225	5313	4	4	ERR14788990,ERR14788991,ERR14788992,ERR14788995	YES	ASSEMBLY	KY927869	Rodent bocavirus	99.0	98.191	strong	megablast	508	1524.49	96.44	82.68	37.22
ERR14788992	Parvoviridae	Parvoviridae_C006	ERR14789044|k141_3535	1802	3	3	ERR14788990,ERR14788992,ERR14789044	YES	ASSEMBLY	GU048664	Human bocavirus 2	96.0	99.564	strong	megablast	5	15.00	30.74	0.00	1.22
ERR14788992	Parvoviridae	Parvoviridae_C004	ERR14789044|k141_3682	2174	2	2	ERR14788992,ERR14789044	YES	ASSEMBLY	EU082213	Human bocavirus 2	99.0	99.759	strong	megablast	33	99.03	65.87	31.65	6.76
ERR14788992	Parvoviridae	Parvoviridae_C003	ERR14789044|k141_3120	3833	1	1	ERR14789044	NO	NONE	KF771828	Canine bocavirus	99.0	97.459	strong	megablast	0	0.00	0.00	0.00	0.00
ERR14788992	Parvoviridae	Parvoviridae_C005	ERR14788995|k141_2517	2055	1	1	ERR14788995	NO	LOCAL_MAPPING	GU048664	Human bocavirus 2	99.0	99.415	strong	megablast	23	69.02	26.67	14.65	4.93
ERR14788992	Parvoviridae	Parvoviridae_C007	ERR14788954|k141_5565	1660	1	1	ERR14788954	NO	NONE	PP711821	Rattus rat parvovirus	99.0	90.459	strong	megablast	0	0.00	0.00	0.00	0.00
ERR14788992	Parvoviridae	Parvoviridae_C008	ERR14788954|k141_11587	1377	1	1	ERR14788954	NO	LOCAL_MAPPING	PP711821	Rattus rat parvovirus	98.0	94.383	strong	megablast	1	3.00	25.27	0.00	0.38
ERR14788992	Parvoviridae	Parvoviridae_C009	ERR14788990|k141_2921	1126	1	1	ERR14788990	NO	LOCAL_MAPPING	MF085373	Porcine bocavirus	97.0	97.793	strong	megablast	4	12.00	44.14	0.00	1.54
ERR14788992	Picornaviridae	Picornaviridae_C001	ERR14788954|k141_3867	7092	1	1	ERR14788954	NO	NONE	KX171334	Enterovirus B106	100.0	82.178	moderate	sensitive_blastn	0	0.00	0.00	0.00	0.00
ERR14788992	Picornaviridae	Picornaviridae_C002	ERR14788954|k141_14829	6088	1	1	ERR14788954	NO	NONE	AY302543	Echovirus E17	99.0	80.753	moderate	sensitive_blastn	0	0.00	0.00	0.00	0.00
ERR14788992	Picornaviridae	Picornaviridae_C003	ERR14788954|k141_20958	3327	1	1	ERR14788954	NO	NONE	GQ927704	aichivirus A1	100.0	87.556	moderate	sensitive_blastn	10	30.01	8.45	7.48	1.22
ERR14788992	Picornaviridae	Picornaviridae_C004	ERR14788988|k141_8449	2954	1	1	ERR14788988	NO	LOCAL_MAPPING	MF947441	Kobuvirus sp.	99.0	97.833	strong	megablast	39	117.04	46.99	24.04	6.15
ERR14788992	Picornaviridae	Picornaviridae_C005	ERR14788954|k141_22448	2878	1	1	ERR14788954	NO	NONE	PQ889394	Coxsackievirus A19	99.0	97.497	strong	megablast	0	0.00	0.00	0.00	0.00
ERR14788992	Picornaviridae	Picornaviridae_C006	ERR14788954|k141_15999	2686	1	1	ERR14788954	NO	NONE	PQ889394	Coxsackievirus A19	100.0	98.561	strong	megablast	0	0.00	0.00	0.00	0.00
ERR14788992	Picornaviridae	Picornaviridae_C007	ERR14788954|k141_22664	2458	1	1	ERR14788954	NO	NONE	MZ603081	Picornaviridae sp.	89.0	94.005	strong	megablast	0	0.00	0.00	0.00	0.00
ERR14788992	Picornaviridae	Picornaviridae_C008	ERR14788954|k141_10866	2371	1	1	ERR14788954	NO	NONE	LC321988	Echovirus E9	100.0	97.343	strong	megablast	0	0.00	0.00	0.00	0.00
ERR14788992	Picornaviridae	Picornaviridae_C009	ERR14788995|k141_7513	2262	1	1	ERR14788995	NO	LOCAL_MAPPING	MK372823	aichivirus A1	98.0	96.496	strong	megablast	19	57.02	16.31	13.00	3.91
ERR14788992	Picornaviridae	Picornaviridae_C010	ERR14788954|k141_18342	1980	1	1	ERR14788954	NO	LOCAL_MAPPING	OQ791575	Coxsackievirus B5	98.0	86.471	moderate	sensitive_blastn	11	33.01	11.82	11.82	2.14
ERR14788992	Picornaviridae	Picornaviridae_C011	ERR14788954|k141_20065	1888	1	1	ERR14788954	NO	NONE	PQ889389	Coxsackievirus A13	99.0	90.095	strong	megablast	0	0.00	0.00	0.00	0.00
ERR14788992	Picornaviridae	Picornaviridae_C012	ERR14788954|k141_10512	1593	1	1	ERR14788954	NO	NONE	PQ889359	Echovirus E18	99.0	92.575	strong	megablast	0	0.00	0.00	0.00	0.00
ERR14788992	Picornaviridae	Picornaviridae_C013	ERR14788954|k141_3382	1524	1	1	ERR14788954	NO	NONE	PQ889405	Coxsackievirus A24	95.0	87.560	moderate	sensitive_blastn	0	0.00	0.00	0.00	0.00
ERR14788992	Picornaviridae	Picornaviridae_C014	ERR14788954|k141_23799	1465	1	1	ERR14788954	NO	NONE	PX441811	Enterovirus A119	99.0	89.686	moderate	sensitive_blastn	0	0.00	0.00	0.00	0.00
ERR14788992	Picornaviridae	Picornaviridae_C015	ERR14788954|k141_15422	1294	1	1	ERR14788954	NO	NONE	PQ889391	Coxsackievirus A13	100.0	87.287	moderate	sensitive_blastn	0	0.00	0.00	0.00	0.00
ERR14788992	Picornaviridae	Picornaviridae_C016	ERR14788954|k141_19102	1187	1	1	ERR14788954	NO	NONE	PQ889396	Coxsackievirus A19	98.0	95.189	strong	megablast	0	0.00	0.00	0.00	0.00
ERR14788992	Picornaviridae	Picornaviridae_C017	ERR14788991|k141_5462	1116	1	1	ERR14788991	NO	LOCAL_MAPPING	PV261144	Salivirus A	95.0	94.607	strong	megablast	1	3.00	24.01	0.00	0.48
ERR14788992	Picornaviridae	Picornaviridae_C018	ERR14788954|k141_21279	1070	1	1	ERR14788954	NO	NONE	MH933858	Human enterovirus	92.0	88.057	moderate	sensitive_blastn	0	0.00	0.00	0.00	0.00
ERR14788992	Picornaviridae	Picornaviridae_C019	ERR14789044|k141_1274	1061	1	1	ERR14789044	NO	PARTIAL_MAPPING	MG012434	Sapovirus GV.1	99.0	97.047	strong	megablast	6	18.01	55.98	10.08	2.60
ERR14788992	Picornaviridae	Picornaviridae_C020	ERR14788954|k141_7587	1007	1	1	ERR14788954	NO	NONE	MH608285	Norovirus GII	94.0	96.832	strong	megablast	0	0.00	0.00	0.00	0.00
ERR14788992	Picornaviridae	Picornaviridae_C021	ERR14788954|k141_22796	1004	1	1	ERR14788954	NO	NONE	PV611449	Norovirus GII	100.0	98.805	strong	megablast	0	0.00	0.00	0.00	0.00
ERR14788992	Sedoreoviridae	Sedoreoviridae_C004	ERR14788992|k141_14248	3205	3	3	ERR14788990,ERR14788991,ERR14788992	YES	ASSEMBLY	OR890193	Rotavirus A	99.0	99.219	strong	megablast	251	753.24	86.27	57.63	36.26
ERR14788992	Sedoreoviridae	Sedoreoviridae_C012	ERR14788992|k141_2176	1922	3	3	ERR14788990,ERR14788991,ERR14788992	YES	ASSEMBLY	LC491454	Human rotavirus A	100.0	99.303	strong	megablast	52	156.05	92.72	45.37	11.11
ERR14788992	Sedoreoviridae	Sedoreoviridae_C001	ERR14788992|k141_11532	3969	2	2	ERR14788991,ERR14788992	YES	ASSEMBLY	LC477448	Human rotavirus A	99.0	97.615	strong	megablast	87	261.08	89.52	40.99	9.78
ERR14788992	Sedoreoviridae	Sedoreoviridae_C011	ERR14788991|k141_5815	1923	2	2	ERR14788991,ERR14788992	YES	ASSEMBLY	KR705256	Rotavirus A	82.0	97.016	strong	megablast	41	123.04	77.38	29.28	7.93
ERR14788992	Sedoreoviridae	Sedoreoviridae_C013	ERR14788992|k141_382	1877	2	2	ERR14788990,ERR14788992	YES	ASSEMBLY	MH569759	Rotavirus A	99.0	98.738	strong	megablast	136	408.13	89.34	73.89	34.63
ERR14788992	Sedoreoviridae	Sedoreoviridae_C014	ERR14788991|k141_4973	1772	2	2	ERR14788991,ERR14788992	YES	ASSEMBLY	OR890170	Rotavirus A	99.0	99.085	strong	megablast	189	567.18	99.83	90.63	45.64
ERR14788992	Sedoreoviridae	Sedoreoviridae_C002	ERR14788992|k141_2824	3596	1	1	ERR14788992	YES	ASSEMBLY	OR890125	Rotavirus A	99.0	99.101	strong	megablast	109	327.11	75.58	37.96	13.50
ERR14788992	Sedoreoviridae	Sedoreoviridae_C003	ERR14788992|k141_8616	3408	1	1	ERR14788992	YES	ASSEMBLY	LC455770	Rotavirus A	98.0	99.696	strong	megablast	307	921.30	90.87	46.74	39.03
ERR14788992	Sedoreoviridae	Sedoreoviridae_C005	ERR14788992|k141_744	2743	1	1	ERR14788992	YES	ASSEMBLY	LC477618	Human rotavirus A	99.0	99.811	strong	megablast	174	522.17	94.97	68.03	29.93
ERR14788992	Sedoreoviridae	Sedoreoviridae_C006	ERR14788992|k141_4476	2450	1	1	ERR14788992	YES	ASSEMBLY	PZ436761	Human rotavirus C	99.0	99.239	strong	megablast	44	132.04	100.00	25.02	8.29
ERR14788992	Sedoreoviridae	Sedoreoviridae_C007	ERR14788992|k141_13491	2276	1	1	ERR14788992	YES	ASSEMBLY	PX211134	Rotavirus alphagastroenteritidis	100.0	97.803	strong	megablast	97	291.09	94.33	54.57	19.19
ERR14788992	Sedoreoviridae	Sedoreoviridae_C008	ERR14788992|k141_6124	2190	1	1	ERR14788992	YES	ASSEMBLY	PZ436762	Human rotavirus C	98.0	99.276	strong	megablast	37	111.04	95.94	23.06	7.07
ERR14788992	Sedoreoviridae	Sedoreoviridae_C009	ERR14788992|k141_7633	2074	1	1	ERR14788992	YES	ASSEMBLY	OR193448	Rotavirus A	99.0	97.927	strong	megablast	25	75.02	52.70	16.25	4.95
ERR14788992	Sedoreoviridae	Sedoreoviridae_C010	ERR14788991|k141_4602	2053	1	1	ERR14788991	NO	LOCAL_MAPPING	PX492905	Rotavirus alphagastroenteritidis	99.0	97.771	strong	megablast	124	372.12	48.76	35.56	26.42
ERR14788992	Sedoreoviridae	Sedoreoviridae_C015	ERR14788992|k141_1970	1490	1	1	ERR14788992	YES	ASSEMBLY	MN206054	Human rotavirus C	100.0	99.433	strong	megablast	36	108.03	100.00	47.32	11.61
ERR14788992	Sedoreoviridae	Sedoreoviridae_C016	ERR14788992|k141_12191	1376	1	1	ERR14788992	YES	ASSEMBLY	MK029688	Human rotavirus P[8]	100.0	99.441	strong	megablast	43	129.04	40.77	28.92	10.36
ERR14788992	Sedoreoviridae	Sedoreoviridae_C017	ERR14788992|k141_1500	1332	1	1	ERR14788992	YES	ASSEMBLY	JF490795	Rotavirus A human/Vanderbilt/VU05-06-67/2005/G1P[8]	99.0	98.743	strong	megablast	10	30.01	57.81	2.78	2.85
ERR14788992	Sedoreoviridae	Sedoreoviridae_C018	ERR14788992|k141_5652	1311	1	1	ERR14788992	YES	ASSEMBLY	JQ069757	Human rotavirus A	100.0	98.493	strong	megablast	33	99.03	95.35	40.96	8.52
ERR14788992	Sedoreoviridae	Sedoreoviridae_C019	ERR14788991|k141_3712	1215	1	1	ERR14788991	NO	PARTIAL_MAPPING	KC580308	Rotavirus A	100.0	98.404	strong	megablast	45	135.04	59.75	41.65	17.44
ERR14788992	Sedoreoviridae	Sedoreoviridae_C020	ERR14788991|k141_4019	1115	1	1	ERR14788991	NO	NONE	KU248375	Human rotavirus A	100.0	97.633	strong	megablast	0	0.00	0.00	0.00	0.00
ERR14788992	Sedoreoviridae	Sedoreoviridae_C021	ERR14788991|k141_3749	1110	1	1	ERR14788991	NO	PARTIAL_MAPPING	ON791955	Rotavirus A	99.0	97.933	strong	megablast	26	78.03	57.75	32.52	10.93
ERR14788992	Sedoreoviridae	Sedoreoviridae_C022	ERR14788991|k141_5013	1066	1	1	ERR14788991	NO	LOCAL_MAPPING	LC227964	Human rotavirus A	97.0	99.517	strong	megablast	7	21.01	34.71	18.29	2.52
ERR14788992	Sedoreoviridae	Sedoreoviridae_C023	ERR14788992|k141_7803	1004	1	1	ERR14788992	YES	ASSEMBLY	LC477521	Human rotavirus A	100.0	99.172	strong	megablast	23	69.02	85.46	35.66	7.67
ERR14788995	Adenoviridae	Adenoviridae_C001	ERR14788954|k141_44	34268	5	4	ERR14788954,ERR14788991,ERR14788995,ERR14789044	YES	ASSEMBLY	ON532818	Human adenovirus 41	100.0	99.116	strong	megablast	242	1470.10	33.35	8.18	2.59
ERR14788995	Adenoviridae	Adenoviridae_C002	ERR14788995|k141_3829	22263	2	2	ERR14788992,ERR14788995	YES	ASSEMBLY	PZ360988	Human adenovirus 41	99.0	99.954	strong	megablast	65	394.86	22.46	3.26	0.96
ERR14788995	Adenoviridae	Adenoviridae_C003	ERR14788954|k141_1783	5194	1	1	ERR14788954	NO	NONE	OR753124	Human mastadenovirus D	100.0	97.009	strong	megablast	0	0.00	0.00	0.00	0.00
ERR14788995	Adenoviridae	Adenoviridae_C004	ERR14788954|k141_8890	2826	1	1	ERR14788954	NO	NONE	KF268319	Human mastadenovirus D	100.0	98.610	strong	megablast	0	0.00	0.00	0.00	0.00
ERR14788995	Adenoviridae	Adenoviridae_C005	ERR14788954|k141_12718	2465	1	1	ERR14788954	NO	NONE	KX827426	Human mastadenovirus D	99.0	98.691	strong	megablast	0	0.00	0.00	0.00	0.00
ERR14788995	Adenoviridae	Adenoviridae_C006	ERR14788954|k141_9847	1005	1	1	ERR14788954	NO	NONE	KF268200	Human mastadenovirus D	97.0	99.281	strong	megablast	0	0.00	0.00	0.00	0.00
ERR14788995	Astroviridae	Astroviridae_C001	ERR14788992|k141_13885	6925	8	6	ERR14788864,ERR14788990,ERR14788991,ERR14788992,ERR14788995,ERR14789044	YES	ASSEMBLY	PP901925	Human astrovirus 1	100.0	99.426	strong	megablast	80	485.98	82.53	8.53	3.43
ERR14788995	Astroviridae	Astroviridae_C005	ERR14788990|k141_1202	4497	3	3	ERR14788990,ERR14788991,ERR14788992	NO	LOCAL_MAPPING	MN444721	Human astrovirus 3	100.0	98.931	strong	megablast	9	54.67	35.67	0.00	0.65
ERR14788995	Astroviridae	Astroviridae_C008	ERR14788991|k141_1065	3629	3	3	ERR14788990,ERR14788991,ERR14788992	NO	LOCAL_MAPPING	MN444721	Human astrovirus 3	99.0	98.894	strong	megablast	23	139.72	18.85	10.50	2.32
ERR14788995	Astroviridae	Astroviridae_C002	ERR14788954|k141_113	6868	2	2	ERR14788954,ERR14788990	NO	NONE	JF327666	Human astrovirus	99.0	97.578	strong	megablast	3	18.22	7.99	0.00	0.16
ERR14788995	Astroviridae	Astroviridae_C006	ERR14788988|k141_8673	4106	2	2	ERR14788988,ERR14788990	NO	LOCAL_MAPPING	MG921619	Human astrovirus	99.0	99.572	strong	megablast	14	85.05	40.43	0.00	0.89
ERR14788995	Astroviridae	Astroviridae_C003	ERR14788988|k141_14774	6459	1	1	ERR14788988	NO	LOCAL_MAPPING	PQ435237	Mamastrovirus 2	99.0	95.100	strong	megablast	26	157.94	44.56	3.61	1.44
ERR14788995	Astroviridae	Astroviridae_C004	ERR14788991|k141_1036	5333	1	1	ERR14788991	NO	NONE	KF039910	Human astrovirus 2	99.0	96.155	strong	megablast	0	0.00	0.00	0.00	0.00
ERR14788995	Astroviridae	Astroviridae_C007	ERR14789044|k141_2387	3810	1	1	ERR14789044	NO	LOCAL_MAPPING	MT766328	Astrovirus MLB1	100.0	99.305	strong	megablast	5	30.37	27.82	0.00	0.40
ERR14788995	Astroviridae	Astroviridae_C009	ERR14788954|k141_21331	2830	1	1	ERR14788954	NO	NONE	KJ656124	Astrovirus VA5	100.0	96.861	strong	megablast	0	0.00	0.00	0.00	0.00
ERR14788995	Astroviridae	Astroviridae_C010	ERR14788954|k141_3447	2508	1	1	ERR14788954	NO	NONE	PX619609	Human astrovirus 4	100.0	91.790	strong	megablast	0	0.00	0.00	0.00	0.00
ERR14788995	Astroviridae	Astroviridae_C011	ERR14788954|k141_23684	2413	1	1	ERR14788954	NO	LOCAL_MAPPING	OQ802716	Jingmen rodent astrovirus 2	99.0	84.234	moderate	sensitive_blastn	1	6.07	13.26	0.00	0.18
ERR14788995	Astroviridae	Astroviridae_C012	ERR14788991|k141_2217	2320	1	1	ERR14788991	NO	NONE	JX087965	Human astrovirus 1	100.0	97.520	strong	megablast	0	0.00	0.00	0.00	0.00
ERR14788995	Astroviridae	Astroviridae_C013	ERR14788991|k141_1804	2066	1	1	ERR14788991	NO	NONE	LC694997	Human astrovirus 1	100.0	94.686	strong	megablast	1	6.07	5.81	0.00	0.06
ERR14788995	Astroviridae	Astroviridae_C014	ERR14788990|k141_568	2013	1	1	ERR14788990	NO	NONE	LC694997	Human astrovirus 1	99.0	98.587	strong	megablast	0	0.00	0.00	0.00	0.00
ERR14788995	Astroviridae	Astroviridae_C015	ERR14788954|k141_16872	1925	1	1	ERR14788954	NO	NONE	KJ656124	Astrovirus VA5	97.0	96.583	strong	megablast	0	0.00	0.00	0.00	0.00
ERR14788995	Astroviridae	Astroviridae_C016	ERR14789044|k141_33	1664	1	1	ERR14789044	NO	NONE	ON807354	Mamastrovirus 1	100.0	98.496	strong	megablast	0	0.00	0.00	0.00	0.00
ERR14788995	Astroviridae	Astroviridae_C017	ERR14788990|k141_1280	1520	1	1	ERR14788990	NO	NONE	MK882944	Human astrovirus 8	99.0	98.749	strong	megablast	0	0.00	0.00	0.00	0.00
ERR14788995	Astroviridae	Astroviridae_C018	ERR14788995|k141_2627	1455	1	1	ERR14788995	YES	ASSEMBLY	KX022687	Astrovirus MLB2	100.0	98.969	strong	megablast	31	188.32	97.87	21.99	7.55
ERR14788995	Astroviridae	Astroviridae_C019	ERR14788990|k141_2323	1356	1	1	ERR14788990	NO	NONE	PV189388	Human astrovirus 4	99.0	95.487	strong	megablast	0	0.00	0.00	0.00	0.00
ERR14788995	Astroviridae	Astroviridae_C020	ERR14788990|k141_2898	1085	1	1	ERR14788990	NO	NONE	KF039910	Human astrovirus 2	100.0	95.662	strong	megablast	0	0.00	0.00	0.00	0.00
ERR14788995	Astroviridae	Astroviridae_C021	ERR14789044|k141_1969	1038	1	1	ERR14789044	NO	NONE	MK108183	Mamastrovirus 1	100.0	100.000	strong	megablast	0	0.00	0.00	0.00	0.00
ERR14788995	Astroviridae	Astroviridae_C022	ERR14788990|k141_238	1000	1	1	ERR14788990	NO	NONE	MH933757	Human astrovirus	98.0	97.454	strong	megablast	0	0.00	0.00	0.00	0.00
ERR14788995	Caliciviridae	Caliciviridae_C004	ERR14788991|k141_4783	2777	4	4	ERR14788954,ERR14788988,ERR14788991,ERR14788992	NO	LOCAL_MAPPING	MF431582	Sapovirus Hu/GI.2/Dublin/2016/IRL	100.0	99.247	strong	megablast	9	54.67	35.00	0.00	0.94
ERR14788995	Caliciviridae	Caliciviridae_C009	ERR14788991|k141_4615	1766	2	2	ERR14788991,ERR14788992	NO	LOCAL_MAPPING	MF431582	Sapovirus Hu/GI.2/Dublin/2016/IRL	100.0	99.037	strong	megablast	3	18.22	29.78	0.00	0.54
ERR14788995	Caliciviridae	Caliciviridae_C001	ERR14788954|k141_3875	7721	1	1	ERR14788954	NO	NONE	MH608286	Norovirus GI	81.0	95.014	strong	megablast	0	0.00	0.00	0.00	0.00
ERR14788995	Caliciviridae	Caliciviridae_C002	ERR14788954|k141_15579	5510	1	1	ERR14788954	NO	NONE	MH922773	Sapovirus GII	99.0	86.839	moderate	sensitive_blastn	0	0.00	0.00	0.00	0.00
ERR14788995	Caliciviridae	Caliciviridae_C003	ERR14788954|k141_3618	4764	1	1	ERR14788954	NO	NONE	OP255973	Sapovirus GI	99.0	95.611	strong	megablast	0	0.00	0.00	0.00	0.00
ERR14788995	Caliciviridae	Caliciviridae_C005	ERR14789044|k141_25	2648	1	1	ERR14789044	NO	NONE	MG012434	Sapovirus GV.1	99.0	98.819	strong	megablast	0	0.00	0.00	0.00	0.00
ERR14788995	Caliciviridae	Caliciviridae_C006	ERR14788991|k141_2057	2461	1	1	ERR14788991	NO	NONE	LC816516	Sapovirus GII.2	99.0	98.312	strong	megablast	0	0.00	0.00	0.00	0.00
ERR14788995	Caliciviridae	Caliciviridae_C007	ERR14789044|k141_2725	2358	1	1	ERR14789044	NO	LOCAL_MAPPING	MG012434	Sapovirus GV.1	100.0	98.813	strong	megablast	2	12.15	20.14	0.00	0.34
ERR14788995	Caliciviridae	Caliciviridae_C008	ERR14788991|k141_5592	2221	1	1	ERR14788991	NO	PARTIAL_MAPPING	MF431582	Sapovirus Hu/GI.2/Dublin/2016/IRL	99.0	99.296	strong	megablast	8	48.60	50.25	0.00	1.53
ERR14788995	Caliciviridae	Caliciviridae_C010	ERR14788954|k141_526	1745	1	1	ERR14788954	NO	NONE	MN794213	Sapovirus GII.1	98.0	92.632	strong	megablast	0	0.00	0.00	0.00	0.00
ERR14788995	Caliciviridae	Caliciviridae_C011	ERR14788992|k141_12144	1690	1	1	ERR14788992	NO	PARTIAL_MAPPING	PP819507	Sapovirus GI.1	99.0	98.258	strong	megablast	15	91.12	51.60	1.30	2.55
ERR14788995	Caliciviridae	Caliciviridae_C012	ERR14789044|k141_3236	1235	1	1	ERR14789044	NO	PARTIAL_MAPPING	MK291481	Sapovirus GI	99.0	98.488	strong	megablast	4	24.30	60.40	0.00	1.08
ERR14788995	Caliciviridae	Caliciviridae_C013	ERR14789044|k141_971	1142	1	1	ERR14789044	NO	LOCAL_MAPPING	MN161596	Sapovirus GI	100.0	97.550	strong	megablast	5	30.37	35.99	0.00	0.85
ERR14788995	Caliciviridae	Caliciviridae_C014	ERR14788990|k141_36	1065	1	1	ERR14788990	NO	NONE	PV013596	Sapovirus GI	99.0	99.341	strong	megablast	0	0.00	0.00	0.00	0.00
ERR14788995	Caliciviridae	Caliciviridae_C015	ERR14788992|k141_4651	1034	1	1	ERR14788992	NO	NONE	MK236611	Norovirus GI	100.0	97.786	strong	megablast	0	0.00	0.00	0.00	0.00
ERR14788995	Parvoviridae	Parvoviridae_C001	ERR14788995|k141_7572	5456	5	5	ERR14788954,ERR14788990,ERR14788992,ERR14788995,ERR14789044	YES	ASSEMBLY	OP255991	Human bocavirus 3	100.0	99.735	strong	megablast	114	692.52	89.94	29.12	7.11
ERR14788995	Parvoviridae	Parvoviridae_C002	ERR14788995|k141_6225	5313	4	4	ERR14788990,ERR14788991,ERR14788992,ERR14788995	YES	ASSEMBLY	KY927869	Rodent bocavirus	99.0	98.191	strong	megablast	322	1956.08	97.29	71.90	19.23
ERR14788995	Parvoviridae	Parvoviridae_C006	ERR14789044|k141_3535	1802	3	3	ERR14788990,ERR14788992,ERR14789044	NO	LOCAL_MAPPING	GU048664	Human bocavirus 2	96.0	99.564	strong	megablast	5	30.37	22.97	0.00	0.78
ERR14788995	Parvoviridae	Parvoviridae_C004	ERR14789044|k141_3682	2174	2	2	ERR14788992,ERR14789044	NO	PARTIAL_MAPPING	EU082213	Human bocavirus 2	99.0	99.759	strong	megablast	9	54.67	66.61	0.00	1.32
ERR14788995	Parvoviridae	Parvoviridae_C003	ERR14789044|k141_3120	3833	1	1	ERR14789044	NO	NONE	KF771828	Canine bocavirus	99.0	97.459	strong	megablast	0	0.00	0.00	0.00	0.00
ERR14788995	Parvoviridae	Parvoviridae_C005	ERR14788995|k141_2517	2055	1	1	ERR14788995	YES	ASSEMBLY	GU048664	Human bocavirus 2	99.0	99.415	strong	megablast	7	42.52	45.89	0.00	1.18
ERR14788995	Parvoviridae	Parvoviridae_C007	ERR14788954|k141_5565	1660	1	1	ERR14788954	NO	NONE	PP711821	Rattus rat parvovirus	99.0	90.459	strong	megablast	0	0.00	0.00	0.00	0.00
ERR14788995	Parvoviridae	Parvoviridae_C008	ERR14788954|k141_11587	1377	1	1	ERR14788954	NO	NONE	PP711821	Rattus rat parvovirus	98.0	94.383	strong	megablast	0	0.00	0.00	0.00	0.00
ERR14788995	Parvoviridae	Parvoviridae_C009	ERR14788990|k141_2921	1126	1	1	ERR14788990	NO	LOCAL_MAPPING	MF085373	Porcine bocavirus	97.0	97.793	strong	megablast	1	6.07	26.64	0.00	0.27
ERR14788995	Picornaviridae	Picornaviridae_C001	ERR14788954|k141_3867	7092	1	1	ERR14788954	NO	NONE	KX171334	Enterovirus B106	100.0	82.178	moderate	sensitive_blastn	0	0.00	0.00	0.00	0.00
ERR14788995	Picornaviridae	Picornaviridae_C002	ERR14788954|k141_14829	6088	1	1	ERR14788954	NO	NONE	AY302543	Echovirus E17	99.0	80.753	moderate	sensitive_blastn	0	0.00	0.00	0.00	0.00
ERR14788995	Picornaviridae	Picornaviridae_C003	ERR14788954|k141_20958	3327	1	1	ERR14788954	NO	LOCAL_MAPPING	GQ927704	aichivirus A1	100.0	87.556	moderate	sensitive_blastn	23	139.72	19.54	10.76	1.94
ERR14788995	Picornaviridae	Picornaviridae_C004	ERR14788988|k141_8449	2954	1	1	ERR14788988	NO	HIGH_BREADTH_MAPPING	MF947441	Kobuvirus sp.	99.0	97.833	strong	megablast	278	1688.79	98.61	83.65	30.68
ERR14788995	Picornaviridae	Picornaviridae_C005	ERR14788954|k141_22448	2878	1	1	ERR14788954	NO	NONE	PQ889394	Coxsackievirus A19	99.0	97.497	strong	megablast	0	0.00	0.00	0.00	0.00
ERR14788995	Picornaviridae	Picornaviridae_C006	ERR14788954|k141_15999	2686	1	1	ERR14788954	NO	NONE	PQ889394	Coxsackievirus A19	100.0	98.561	strong	megablast	0	0.00	0.00	0.00	0.00
ERR14788995	Picornaviridae	Picornaviridae_C007	ERR14788954|k141_22664	2458	1	1	ERR14788954	NO	NONE	MZ603081	Picornaviridae sp.	89.0	94.005	strong	megablast	0	0.00	0.00	0.00	0.00
ERR14788995	Picornaviridae	Picornaviridae_C008	ERR14788954|k141_10866	2371	1	1	ERR14788954	NO	NONE	LC321988	Echovirus E9	100.0	97.343	strong	megablast	0	0.00	0.00	0.00	0.00
ERR14788995	Picornaviridae	Picornaviridae_C009	ERR14788995|k141_7513	2262	1	1	ERR14788995	YES	ASSEMBLY	MK372823	aichivirus A1	98.0	96.496	strong	megablast	183	1111.68	95.80	77.94	26.58
ERR14788995	Picornaviridae	Picornaviridae_C010	ERR14788954|k141_18342	1980	1	1	ERR14788954	NO	NONE	OQ791575	Coxsackievirus B5	98.0	86.471	moderate	sensitive_blastn	0	0.00	0.00	0.00	0.00
ERR14788995	Picornaviridae	Picornaviridae_C011	ERR14788954|k141_20065	1888	1	1	ERR14788954	NO	NONE	PQ889389	Coxsackievirus A13	99.0	90.095	strong	megablast	0	0.00	0.00	0.00	0.00
ERR14788995	Picornaviridae	Picornaviridae_C012	ERR14788954|k141_10512	1593	1	1	ERR14788954	NO	NONE	PQ889359	Echovirus E18	99.0	92.575	strong	megablast	0	0.00	0.00	0.00	0.00
ERR14788995	Picornaviridae	Picornaviridae_C013	ERR14788954|k141_3382	1524	1	1	ERR14788954	NO	NONE	PQ889405	Coxsackievirus A24	95.0	87.560	moderate	sensitive_blastn	0	0.00	0.00	0.00	0.00
ERR14788995	Picornaviridae	Picornaviridae_C014	ERR14788954|k141_23799	1465	1	1	ERR14788954	NO	NONE	PX441811	Enterovirus A119	99.0	89.686	moderate	sensitive_blastn	0	0.00	0.00	0.00	0.00
ERR14788995	Picornaviridae	Picornaviridae_C015	ERR14788954|k141_15422	1294	1	1	ERR14788954	NO	NONE	PQ889391	Coxsackievirus A13	100.0	87.287	moderate	sensitive_blastn	0	0.00	0.00	0.00	0.00
ERR14788995	Picornaviridae	Picornaviridae_C016	ERR14788954|k141_19102	1187	1	1	ERR14788954	NO	LOCAL_MAPPING	PQ889396	Coxsackievirus A19	98.0	95.189	strong	megablast	3	18.22	28.31	0.00	1.14
ERR14788995	Picornaviridae	Picornaviridae_C017	ERR14788991|k141_5462	1116	1	1	ERR14788991	NO	LOCAL_MAPPING	PV261144	Salivirus A	95.0	94.607	strong	megablast	2	12.15	38.26	0.00	0.40
ERR14788995	Picornaviridae	Picornaviridae_C018	ERR14788954|k141_21279	1070	1	1	ERR14788954	NO	NONE	MH933858	Human enterovirus	92.0	88.057	moderate	sensitive_blastn	0	0.00	0.00	0.00	0.00
ERR14788995	Picornaviridae	Picornaviridae_C019	ERR14789044|k141_1274	1061	1	1	ERR14789044	NO	NONE	MG012434	Sapovirus GV.1	99.0	97.047	strong	megablast	0	0.00	0.00	0.00	0.00
ERR14788995	Picornaviridae	Picornaviridae_C020	ERR14788954|k141_7587	1007	1	1	ERR14788954	NO	NONE	MH608285	Norovirus GII	94.0	96.832	strong	megablast	0	0.00	0.00	0.00	0.00
ERR14788995	Picornaviridae	Picornaviridae_C021	ERR14788954|k141_22796	1004	1	1	ERR14788954	NO	NONE	PV611449	Norovirus GII	100.0	98.805	strong	megablast	0	0.00	0.00	0.00	0.00
ERR14788995	Sedoreoviridae	Sedoreoviridae_C004	ERR14788992|k141_14248	3205	3	3	ERR14788990,ERR14788991,ERR14788992	NO	LOCAL_MAPPING	OR890193	Rotavirus A	99.0	99.219	strong	megablast	12	72.90	36.16	0.00	1.21
ERR14788995	Sedoreoviridae	Sedoreoviridae_C012	ERR14788992|k141_2176	1922	3	3	ERR14788990,ERR14788991,ERR14788992	NO	NONE	LC491454	Human rotavirus A	100.0	99.303	strong	megablast	0	0.00	0.00	0.00	0.00
ERR14788995	Sedoreoviridae	Sedoreoviridae_C001	ERR14788992|k141_11532	3969	2	2	ERR14788991,ERR14788992	NO	NONE	LC477448	Human rotavirus A	99.0	97.615	strong	megablast	0	0.00	0.00	0.00	0.00
ERR14788995	Sedoreoviridae	Sedoreoviridae_C011	ERR14788991|k141_5815	1923	2	2	ERR14788991,ERR14788992	NO	LOCAL_MAPPING	KR705256	Rotavirus A	82.0	97.016	strong	megablast	1	6.07	22.05	0.00	0.22
ERR14788995	Sedoreoviridae	Sedoreoviridae_C013	ERR14788992|k141_382	1877	2	2	ERR14788990,ERR14788992	NO	NONE	MH569759	Rotavirus A	99.0	98.738	strong	megablast	0	0.00	0.00	0.00	0.00
ERR14788995	Sedoreoviridae	Sedoreoviridae_C014	ERR14788991|k141_4973	1772	2	2	ERR14788991,ERR14788992	NO	LOCAL_MAPPING	OR890170	Rotavirus A	99.0	99.085	strong	megablast	1	6.07	17.72	0.00	0.27
ERR14788995	Sedoreoviridae	Sedoreoviridae_C002	ERR14788992|k141_2824	3596	1	1	ERR14788992	NO	NONE	OR890125	Rotavirus A	99.0	99.101	strong	megablast	0	0.00	0.00	0.00	0.00
ERR14788995	Sedoreoviridae	Sedoreoviridae_C003	ERR14788992|k141_8616	3408	1	1	ERR14788992	NO	NONE	LC455770	Rotavirus A	98.0	99.696	strong	megablast	0	0.00	0.00	0.00	0.00
ERR14788995	Sedoreoviridae	Sedoreoviridae_C005	ERR14788992|k141_744	2743	1	1	ERR14788992	NO	NONE	LC477618	Human rotavirus A	99.0	99.811	strong	megablast	1	6.07	5.54	0.00	0.06
ERR14788995	Sedoreoviridae	Sedoreoviridae_C006	ERR14788992|k141_4476	2450	1	1	ERR14788992	NO	NONE	PZ436761	Human rotavirus C	99.0	99.239	strong	megablast	0	0.00	0.00	0.00	0.00
ERR14788995	Sedoreoviridae	Sedoreoviridae_C007	ERR14788992|k141_13491	2276	1	1	ERR14788992	NO	NONE	PX211134	Rotavirus alphagastroenteritidis	100.0	97.803	strong	megablast	0	0.00	0.00	0.00	0.00
ERR14788995	Sedoreoviridae	Sedoreoviridae_C008	ERR14788992|k141_6124	2190	1	1	ERR14788992	NO	NONE	PZ436762	Human rotavirus C	98.0	99.276	strong	megablast	0	0.00	0.00	0.00	0.00
ERR14788995	Sedoreoviridae	Sedoreoviridae_C009	ERR14788992|k141_7633	2074	1	1	ERR14788992	NO	NONE	OR193448	Rotavirus A	99.0	97.927	strong	megablast	0	0.00	0.00	0.00	0.00
ERR14788995	Sedoreoviridae	Sedoreoviridae_C010	ERR14788991|k141_4602	2053	1	1	ERR14788991	NO	NONE	PX492905	Rotavirus alphagastroenteritidis	99.0	97.771	strong	megablast	0	0.00	0.00	0.00	0.00
ERR14788995	Sedoreoviridae	Sedoreoviridae_C015	ERR14788992|k141_1970	1490	1	1	ERR14788992	NO	NONE	MN206054	Human rotavirus C	100.0	99.433	strong	megablast	0	0.00	0.00	0.00	0.00
ERR14788995	Sedoreoviridae	Sedoreoviridae_C016	ERR14788992|k141_12191	1376	1	1	ERR14788992	NO	NONE	MK029688	Human rotavirus P[8]	100.0	99.441	strong	megablast	0	0.00	0.00	0.00	0.00
ERR14788995	Sedoreoviridae	Sedoreoviridae_C017	ERR14788992|k141_1500	1332	1	1	ERR14788992	NO	NONE	JF490795	Rotavirus A human/Vanderbilt/VU05-06-67/2005/G1P[8]	99.0	98.743	strong	megablast	0	0.00	0.00	0.00	0.00
ERR14788995	Sedoreoviridae	Sedoreoviridae_C018	ERR14788992|k141_5652	1311	1	1	ERR14788992	NO	NONE	JQ069757	Human rotavirus A	100.0	98.493	strong	megablast	0	0.00	0.00	0.00	0.00
ERR14788995	Sedoreoviridae	Sedoreoviridae_C019	ERR14788991|k141_3712	1215	1	1	ERR14788991	NO	NONE	KC580308	Rotavirus A	100.0	98.404	strong	megablast	0	0.00	0.00	0.00	0.00
ERR14788995	Sedoreoviridae	Sedoreoviridae_C020	ERR14788991|k141_4019	1115	1	1	ERR14788991	NO	NONE	KU248375	Human rotavirus A	100.0	97.633	strong	megablast	0	0.00	0.00	0.00	0.00
ERR14788995	Sedoreoviridae	Sedoreoviridae_C021	ERR14788991|k141_3749	1110	1	1	ERR14788991	NO	NONE	ON791955	Rotavirus A	99.0	97.933	strong	megablast	0	0.00	0.00	0.00	0.00
ERR14788995	Sedoreoviridae	Sedoreoviridae_C022	ERR14788991|k141_5013	1066	1	1	ERR14788991	NO	LOCAL_MAPPING	LC227964	Human rotavirus A	97.0	99.517	strong	megablast	2	12.15	42.78	0.00	0.66
ERR14788995	Sedoreoviridae	Sedoreoviridae_C023	ERR14788992|k141_7803	1004	1	1	ERR14788992	NO	NONE	LC477521	Human rotavirus A	100.0	99.172	strong	megablast	0	0.00	0.00	0.00	0.00
ERR14789044	Adenoviridae	Adenoviridae_C001	ERR14788954|k141_44	34268	5	4	ERR14788954,ERR14788991,ERR14788995,ERR14789044	YES	ASSEMBLY	ON532818	Human adenovirus 41	100.0	99.116	strong	megablast	236	2762.24	30.75	14.21	2.96
ERR14789044	Adenoviridae	Adenoviridae_C002	ERR14788995|k141_3829	22263	2	2	ERR14788992,ERR14788995	NO	NONE	PZ360988	Human adenovirus 41	99.0	99.954	strong	megablast	3	35.11	4.36	0.00	0.06
ERR14789044	Adenoviridae	Adenoviridae_C003	ERR14788954|k141_1783	5194	1	1	ERR14788954	NO	NONE	OR753124	Human mastadenovirus D	100.0	97.009	strong	megablast	0	0.00	0.00	0.00	0.00
ERR14789044	Adenoviridae	Adenoviridae_C004	ERR14788954|k141_8890	2826	1	1	ERR14788954	NO	NONE	KF268319	Human mastadenovirus D	100.0	98.610	strong	megablast	0	0.00	0.00	0.00	0.00
ERR14789044	Adenoviridae	Adenoviridae_C005	ERR14788954|k141_12718	2465	1	1	ERR14788954	NO	NONE	KX827426	Human mastadenovirus D	99.0	98.691	strong	megablast	0	0.00	0.00	0.00	0.00
ERR14789044	Adenoviridae	Adenoviridae_C006	ERR14788954|k141_9847	1005	1	1	ERR14788954	NO	NONE	KF268200	Human mastadenovirus D	97.0	99.281	strong	megablast	0	0.00	0.00	0.00	0.00
ERR14789044	Astroviridae	Astroviridae_C001	ERR14788992|k141_13885	6925	8	6	ERR14788864,ERR14788990,ERR14788991,ERR14788992,ERR14788995,ERR14789044	YES	ASSEMBLY	PP901925	Human astrovirus 1	100.0	99.426	strong	megablast	300	3511.32	67.10	57.27	19.54
ERR14789044	Astroviridae	Astroviridae_C005	ERR14788990|k141_1202	4497	3	3	ERR14788990,ERR14788991,ERR14788992	NO	NONE	MN444721	Human astrovirus 3	100.0	98.931	strong	megablast	2	23.41	7.89	0.00	0.16
ERR14789044	Astroviridae	Astroviridae_C008	ERR14788991|k141_1065	3629	3	3	ERR14788990,ERR14788991,ERR14788992	NO	LOCAL_MAPPING	MN444721	Human astrovirus 3	99.0	98.894	strong	megablast	3	35.11	12.26	0.00	0.43
ERR14789044	Astroviridae	Astroviridae_C002	ERR14788954|k141_113	6868	2	2	ERR14788954,ERR14788990	NO	NONE	JF327666	Human astrovirus	99.0	97.578	strong	megablast	0	0.00	0.00	0.00	0.00
ERR14789044	Astroviridae	Astroviridae_C006	ERR14788988|k141_8673	4106	2	2	ERR14788988,ERR14788990	NO	NONE	MG921619	Human astrovirus	99.0	99.572	strong	megablast	0	0.00	0.00	0.00	0.00
ERR14789044	Astroviridae	Astroviridae_C003	ERR14788988|k141_14774	6459	1	1	ERR14788988	NO	NONE	PQ435237	Mamastrovirus 2	99.0	95.100	strong	megablast	0	0.00	0.00	0.00	0.00
ERR14789044	Astroviridae	Astroviridae_C004	ERR14788991|k141_1036	5333	1	1	ERR14788991	NO	LOCAL_MAPPING	KF039910	Human astrovirus 2	99.0	96.155	strong	megablast	14	163.86	14.94	4.74	1.21
ERR14789044	Astroviridae	Astroviridae_C007	ERR14789044|k141_2387	3810	1	1	ERR14789044	YES	ASSEMBLY	MT766328	Astrovirus MLB1	100.0	99.305	strong	megablast	156	1825.89	99.97	68.58	18.06
ERR14789044	Astroviridae	Astroviridae_C009	ERR14788954|k141_21331	2830	1	1	ERR14788954	NO	NONE	KJ656124	Astrovirus VA5	100.0	96.861	strong	megablast	0	0.00	0.00	0.00	0.00
ERR14789044	Astroviridae	Astroviridae_C010	ERR14788954|k141_3447	2508	1	1	ERR14788954	NO	NONE	PX619609	Human astrovirus 4	100.0	91.790	strong	megablast	1	11.70	5.82	0.00	0.06
ERR14789044	Astroviridae	Astroviridae_C011	ERR14788954|k141_23684	2413	1	1	ERR14788954	NO	NONE	OQ802716	Jingmen rodent astrovirus 2	99.0	84.234	moderate	sensitive_blastn	0	0.00	0.00	0.00	0.00
ERR14789044	Astroviridae	Astroviridae_C012	ERR14788991|k141_2217	2320	1	1	ERR14788991	NO	NONE	JX087965	Human astrovirus 1	100.0	97.520	strong	megablast	0	0.00	0.00	0.00	0.00
ERR14789044	Astroviridae	Astroviridae_C013	ERR14788991|k141_1804	2066	1	1	ERR14788991	NO	NONE	LC694997	Human astrovirus 1	100.0	94.686	strong	megablast	0	0.00	0.00	0.00	0.00
ERR14789044	Astroviridae	Astroviridae_C014	ERR14788990|k141_568	2013	1	1	ERR14788990	NO	NONE	LC694997	Human astrovirus 1	99.0	98.587	strong	megablast	0	0.00	0.00	0.00	0.00
ERR14789044	Astroviridae	Astroviridae_C015	ERR14788954|k141_16872	1925	1	1	ERR14788954	NO	NONE	KJ656124	Astrovirus VA5	97.0	96.583	strong	megablast	0	0.00	0.00	0.00	0.00
ERR14789044	Astroviridae	Astroviridae_C016	ERR14789044|k141_33	1664	1	1	ERR14789044	YES	ASSEMBLY	ON807354	Mamastrovirus 1	100.0	98.496	strong	megablast	0	0.00	0.00	0.00	0.00
ERR14789044	Astroviridae	Astroviridae_C017	ERR14788990|k141_1280	1520	1	1	ERR14788990	NO	NONE	MK882944	Human astrovirus 8	99.0	98.749	strong	megablast	0	0.00	0.00	0.00	0.00
ERR14789044	Astroviridae	Astroviridae_C018	ERR14788995|k141_2627	1455	1	1	ERR14788995	NO	PARTIAL_MAPPING	KX022687	Astrovirus MLB2	100.0	98.969	strong	megablast	12	140.45	61.99	14.02	4.10
ERR14789044	Astroviridae	Astroviridae_C019	ERR14788990|k141_2323	1356	1	1	ERR14788990	NO	LOCAL_MAPPING	PV189388	Human astrovirus 4	99.0	95.487	strong	megablast	1	11.70	33.11	0.00	0.33
ERR14789044	Astroviridae	Astroviridae_C020	ERR14788990|k141_2898	1085	1	1	ERR14788990	NO	NONE	KF039910	Human astrovirus 2	100.0	95.662	strong	megablast	0	0.00	0.00	0.00	0.00
ERR14789044	Astroviridae	Astroviridae_C021	ERR14789044|k141_1969	1038	1	1	ERR14789044	YES	ASSEMBLY	MK108183	Mamastrovirus 1	100.0	100.000	strong	megablast	15	175.57	72.35	40.37	7.45
ERR14789044	Astroviridae	Astroviridae_C022	ERR14788990|k141_238	1000	1	1	ERR14788990	NO	NONE	MH933757	Human astrovirus	98.0	97.454	strong	megablast	0	0.00	0.00	0.00	0.00
ERR14789044	Caliciviridae	Caliciviridae_C004	ERR14788991|k141_4783	2777	4	4	ERR14788954,ERR14788988,ERR14788991,ERR14788992	NO	NONE	MF431582	Sapovirus Hu/GI.2/Dublin/2016/IRL	100.0	99.247	strong	megablast	0	0.00	0.00	0.00	0.00
ERR14789044	Caliciviridae	Caliciviridae_C009	ERR14788991|k141_4615	1766	2	2	ERR14788991,ERR14788992	NO	NONE	MF431582	Sapovirus Hu/GI.2/Dublin/2016/IRL	100.0	99.037	strong	megablast	0	0.00	0.00	0.00	0.00
ERR14789044	Caliciviridae	Caliciviridae_C001	ERR14788954|k141_3875	7721	1	1	ERR14788954	NO	NONE	MH608286	Norovirus GI	81.0	95.014	strong	megablast	0	0.00	0.00	0.00	0.00
ERR14789044	Caliciviridae	Caliciviridae_C002	ERR14788954|k141_15579	5510	1	1	ERR14788954	NO	NONE	MH922773	Sapovirus GII	99.0	86.839	moderate	sensitive_blastn	4	46.82	7.59	0.00	0.22
ERR14789044	Caliciviridae	Caliciviridae_C003	ERR14788954|k141_3618	4764	1	1	ERR14788954	NO	NONE	OP255973	Sapovirus GI	99.0	95.611	strong	megablast	0	0.00	0.00	0.00	0.00
ERR14789044	Caliciviridae	Caliciviridae_C005	ERR14789044|k141_25	2648	1	1	ERR14789044	YES	ASSEMBLY	MG012434	Sapovirus GV.1	99.0	98.819	strong	megablast	79	924.65	98.94	45.66	12.71
ERR14789044	Caliciviridae	Caliciviridae_C006	ERR14788991|k141_2057	2461	1	1	ERR14788991	NO	PARTIAL_MAPPING	LC816516	Sapovirus GII.2	99.0	98.312	strong	megablast	37	433.06	54.94	28.61	6.53
ERR14789044	Caliciviridae	Caliciviridae_C007	ERR14789044|k141_2725	2358	1	1	ERR14789044	YES	ASSEMBLY	MG012434	Sapovirus GV.1	100.0	98.813	strong	megablast	126	1474.75	96.40	65.56	21.46
ERR14789044	Caliciviridae	Caliciviridae_C008	ERR14788991|k141_5592	2221	1	1	ERR14788991	NO	NONE	MF431582	Sapovirus Hu/GI.2/Dublin/2016/IRL	99.0	99.296	strong	megablast	2	23.41	9.28	0.00	0.37
ERR14789044	Caliciviridae	Caliciviridae_C010	ERR14788954|k141_526	1745	1	1	ERR14788954	NO	NONE	MN794213	Sapovirus GII.1	98.0	92.632	strong	megablast	0	0.00	0.00	0.00	0.00
ERR14789044	Caliciviridae	Caliciviridae_C011	ERR14788992|k141_12144	1690	1	1	ERR14788992	NO	PARTIAL_MAPPING	PP819507	Sapovirus GI.1	99.0	98.258	strong	megablast	45	526.70	68.52	57.69	11.29
ERR14789044	Caliciviridae	Caliciviridae_C012	ERR14789044|k141_3236	1235	1	1	ERR14789044	YES	ASSEMBLY	MK291481	Sapovirus GI	99.0	98.488	strong	megablast	40	468.18	100.00	67.29	13.45
ERR14789044	Caliciviridae	Caliciviridae_C013	ERR14789044|k141_971	1142	1	1	ERR14789044	YES	ASSEMBLY	MN161596	Sapovirus GI	100.0	97.550	strong	megablast	37	433.06	76.44	50.70	13.14
ERR14789044	Caliciviridae	Caliciviridae_C014	ERR14788990|k141_36	1065	1	1	ERR14788990	NO	NONE	PV013596	Sapovirus GI	99.0	99.341	strong	megablast	0	0.00	0.00	0.00	0.00
ERR14789044	Caliciviridae	Caliciviridae_C015	ERR14788992|k141_4651	1034	1	1	ERR14788992	NO	NONE	MK236611	Norovirus GI	100.0	97.786	strong	megablast	0	0.00	0.00	0.00	0.00
ERR14789044	Parvoviridae	Parvoviridae_C001	ERR14788995|k141_7572	5456	5	5	ERR14788954,ERR14788990,ERR14788992,ERR14788995,ERR14789044	YES	ASSEMBLY	OP255991	Human bocavirus 3	100.0	99.735	strong	megablast	29	339.43	36.03	6.76	2.34
ERR14789044	Parvoviridae	Parvoviridae_C002	ERR14788995|k141_6225	5313	4	4	ERR14788990,ERR14788991,ERR14788992,ERR14788995	NO	NONE	KY927869	Rodent bocavirus	99.0	98.191	strong	megablast	0	0.00	0.00	0.00	0.00
ERR14789044	Parvoviridae	Parvoviridae_C006	ERR14789044|k141_3535	1802	3	3	ERR14788990,ERR14788992,ERR14789044	YES	ASSEMBLY	GU048664	Human bocavirus 2	96.0	99.564	strong	megablast	24	280.91	64.32	20.26	4.78
ERR14789044	Parvoviridae	Parvoviridae_C004	ERR14789044|k141_3682	2174	2	2	ERR14788992,ERR14789044	YES	ASSEMBLY	EU082213	Human bocavirus 2	99.0	99.759	strong	megablast	52	608.63	84.08	38.82	10.60
ERR14789044	Parvoviridae	Parvoviridae_C003	ERR14789044|k141_3120	3833	1	1	ERR14789044	YES	ASSEMBLY	KF771828	Canine bocavirus	99.0	97.459	strong	megablast	103	1205.55	89.20	57.94	11.61
ERR14789044	Parvoviridae	Parvoviridae_C005	ERR14788995|k141_2517	2055	1	1	ERR14788995	NO	LOCAL_MAPPING	GU048664	Human bocavirus 2	99.0	99.415	strong	megablast	3	35.11	14.45	0.00	0.30
ERR14789044	Parvoviridae	Parvoviridae_C007	ERR14788954|k141_5565	1660	1	1	ERR14788954	NO	NONE	PP711821	Rattus rat parvovirus	99.0	90.459	strong	megablast	0	0.00	0.00	0.00	0.00
ERR14789044	Parvoviridae	Parvoviridae_C008	ERR14788954|k141_11587	1377	1	1	ERR14788954	NO	NONE	PP711821	Rattus rat parvovirus	98.0	94.383	strong	megablast	0	0.00	0.00	0.00	0.00
ERR14789044	Parvoviridae	Parvoviridae_C009	ERR14788990|k141_2921	1126	1	1	ERR14788990	NO	NONE	MF085373	Porcine bocavirus	97.0	97.793	strong	megablast	0	0.00	0.00	0.00	0.00
ERR14789044	Picornaviridae	Picornaviridae_C001	ERR14788954|k141_3867	7092	1	1	ERR14788954	NO	NONE	KX171334	Enterovirus B106	100.0	82.178	moderate	sensitive_blastn	0	0.00	0.00	0.00	0.00
ERR14789044	Picornaviridae	Picornaviridae_C002	ERR14788954|k141_14829	6088	1	1	ERR14788954	NO	NONE	AY302543	Echovirus E17	99.0	80.753	moderate	sensitive_blastn	0	0.00	0.00	0.00	0.00
ERR14789044	Picornaviridae	Picornaviridae_C003	ERR14788954|k141_20958	3327	1	1	ERR14788954	NO	NONE	GQ927704	aichivirus A1	100.0	87.556	moderate	sensitive_blastn	1	11.70	6.49	0.00	0.06
ERR14789044	Picornaviridae	Picornaviridae_C004	ERR14788988|k141_8449	2954	1	1	ERR14788988	NO	LOCAL_MAPPING	MF947441	Kobuvirus sp.	99.0	97.833	strong	megablast	22	257.50	34.26	18.65	3.16
ERR14789044	Picornaviridae	Picornaviridae_C005	ERR14788954|k141_22448	2878	1	1	ERR14788954	NO	NONE	PQ889394	Coxsackievirus A19	99.0	97.497	strong	megablast	0	0.00	0.00	0.00	0.00
ERR14789044	Picornaviridae	Picornaviridae_C006	ERR14788954|k141_15999	2686	1	1	ERR14788954	NO	NONE	PQ889394	Coxsackievirus A19	100.0	98.561	strong	megablast	0	0.00	0.00	0.00	0.00
ERR14789044	Picornaviridae	Picornaviridae_C007	ERR14788954|k141_22664	2458	1	1	ERR14788954	NO	NONE	MZ603081	Picornaviridae sp.	89.0	94.005	strong	megablast	0	0.00	0.00	0.00	0.00
ERR14789044	Picornaviridae	Picornaviridae_C008	ERR14788954|k141_10866	2371	1	1	ERR14788954	NO	NONE	LC321988	Echovirus E9	100.0	97.343	strong	megablast	0	0.00	0.00	0.00	0.00
ERR14789044	Picornaviridae	Picornaviridae_C009	ERR14788995|k141_7513	2262	1	1	ERR14788995	NO	NONE	MK372823	aichivirus A1	98.0	96.496	strong	megablast	0	0.00	0.00	0.00	0.00
ERR14789044	Picornaviridae	Picornaviridae_C010	ERR14788954|k141_18342	1980	1	1	ERR14788954	NO	NONE	OQ791575	Coxsackievirus B5	98.0	86.471	moderate	sensitive_blastn	0	0.00	0.00	0.00	0.00
ERR14789044	Picornaviridae	Picornaviridae_C011	ERR14788954|k141_20065	1888	1	1	ERR14788954	NO	NONE	PQ889389	Coxsackievirus A13	99.0	90.095	strong	megablast	0	0.00	0.00	0.00	0.00
ERR14789044	Picornaviridae	Picornaviridae_C012	ERR14788954|k141_10512	1593	1	1	ERR14788954	NO	NONE	PQ889359	Echovirus E18	99.0	92.575	strong	megablast	0	0.00	0.00	0.00	0.00
ERR14789044	Picornaviridae	Picornaviridae_C013	ERR14788954|k141_3382	1524	1	1	ERR14788954	NO	NONE	PQ889405	Coxsackievirus A24	95.0	87.560	moderate	sensitive_blastn	0	0.00	0.00	0.00	0.00
ERR14789044	Picornaviridae	Picornaviridae_C014	ERR14788954|k141_23799	1465	1	1	ERR14788954	NO	NONE	PX441811	Enterovirus A119	99.0	89.686	moderate	sensitive_blastn	0	0.00	0.00	0.00	0.00
ERR14789044	Picornaviridae	Picornaviridae_C015	ERR14788954|k141_15422	1294	1	1	ERR14788954	NO	NONE	PQ889391	Coxsackievirus A13	100.0	87.287	moderate	sensitive_blastn	0	0.00	0.00	0.00	0.00
ERR14789044	Picornaviridae	Picornaviridae_C016	ERR14788954|k141_19102	1187	1	1	ERR14788954	NO	NONE	PQ889396	Coxsackievirus A19	98.0	95.189	strong	megablast	0	0.00	0.00	0.00	0.00
ERR14789044	Picornaviridae	Picornaviridae_C017	ERR14788991|k141_5462	1116	1	1	ERR14788991	NO	LOCAL_MAPPING	PV261144	Salivirus A	95.0	94.607	strong	megablast	1	11.70	27.33	0.00	0.44
ERR14789044	Picornaviridae	Picornaviridae_C018	ERR14788954|k141_21279	1070	1	1	ERR14788954	NO	NONE	MH933858	Human enterovirus	92.0	88.057	moderate	sensitive_blastn	0	0.00	0.00	0.00	0.00
ERR14789044	Picornaviridae	Picornaviridae_C019	ERR14789044|k141_1274	1061	1	1	ERR14789044	YES	ASSEMBLY	MG012434	Sapovirus GV.1	99.0	97.047	strong	megablast	26	304.31	83.03	57.68	10.72
ERR14789044	Picornaviridae	Picornaviridae_C020	ERR14788954|k141_7587	1007	1	1	ERR14788954	NO	NONE	MH608285	Norovirus GII	94.0	96.832	strong	megablast	0	0.00	0.00	0.00	0.00
ERR14789044	Picornaviridae	Picornaviridae_C021	ERR14788954|k141_22796	1004	1	1	ERR14788954	NO	NONE	PV611449	Norovirus GII	100.0	98.805	strong	megablast	0	0.00	0.00	0.00	0.00
ERR14789044	Sedoreoviridae	Sedoreoviridae_C004	ERR14788992|k141_14248	3205	3	3	ERR14788990,ERR14788991,ERR14788992	NO	NONE	OR890193	Rotavirus A	99.0	99.219	strong	megablast	0	0.00	0.00	0.00	0.00
ERR14789044	Sedoreoviridae	Sedoreoviridae_C012	ERR14788992|k141_2176	1922	3	3	ERR14788990,ERR14788991,ERR14788992	NO	NONE	LC491454	Human rotavirus A	100.0	99.303	strong	megablast	0	0.00	0.00	0.00	0.00
ERR14789044	Sedoreoviridae	Sedoreoviridae_C001	ERR14788992|k141_11532	3969	2	2	ERR14788991,ERR14788992	NO	NONE	LC477448	Human rotavirus A	99.0	97.615	strong	megablast	0	0.00	0.00	0.00	0.00
ERR14789044	Sedoreoviridae	Sedoreoviridae_C011	ERR14788991|k141_5815	1923	2	2	ERR14788991,ERR14788992	NO	NONE	KR705256	Rotavirus A	82.0	97.016	strong	megablast	0	0.00	0.00	0.00	0.00
ERR14789044	Sedoreoviridae	Sedoreoviridae_C013	ERR14788992|k141_382	1877	2	2	ERR14788990,ERR14788992	NO	NONE	MH569759	Rotavirus A	99.0	98.738	strong	megablast	0	0.00	0.00	0.00	0.00
ERR14789044	Sedoreoviridae	Sedoreoviridae_C014	ERR14788991|k141_4973	1772	2	2	ERR14788991,ERR14788992	NO	NONE	OR890170	Rotavirus A	99.0	99.085	strong	megablast	0	0.00	0.00	0.00	0.00
ERR14789044	Sedoreoviridae	Sedoreoviridae_C002	ERR14788992|k141_2824	3596	1	1	ERR14788992	NO	NONE	OR890125	Rotavirus A	99.0	99.101	strong	megablast	0	0.00	0.00	0.00	0.00
ERR14789044	Sedoreoviridae	Sedoreoviridae_C003	ERR14788992|k141_8616	3408	1	1	ERR14788992	NO	NONE	LC455770	Rotavirus A	98.0	99.696	strong	megablast	0	0.00	0.00	0.00	0.00
ERR14789044	Sedoreoviridae	Sedoreoviridae_C005	ERR14788992|k141_744	2743	1	1	ERR14788992	NO	NONE	LC477618	Human rotavirus A	99.0	99.811	strong	megablast	0	0.00	0.00	0.00	0.00
ERR14789044	Sedoreoviridae	Sedoreoviridae_C006	ERR14788992|k141_4476	2450	1	1	ERR14788992	NO	NONE	PZ436761	Human rotavirus C	99.0	99.239	strong	megablast	0	0.00	0.00	0.00	0.00
ERR14789044	Sedoreoviridae	Sedoreoviridae_C007	ERR14788992|k141_13491	2276	1	1	ERR14788992	NO	NONE	PX211134	Rotavirus alphagastroenteritidis	100.0	97.803	strong	megablast	0	0.00	0.00	0.00	0.00
ERR14789044	Sedoreoviridae	Sedoreoviridae_C008	ERR14788992|k141_6124	2190	1	1	ERR14788992	NO	NONE	PZ436762	Human rotavirus C	98.0	99.276	strong	megablast	0	0.00	0.00	0.00	0.00
ERR14789044	Sedoreoviridae	Sedoreoviridae_C009	ERR14788992|k141_7633	2074	1	1	ERR14788992	NO	NONE	OR193448	Rotavirus A	99.0	97.927	strong	megablast	0	0.00	0.00	0.00	0.00
ERR14789044	Sedoreoviridae	Sedoreoviridae_C010	ERR14788991|k141_4602	2053	1	1	ERR14788991	NO	NONE	PX492905	Rotavirus alphagastroenteritidis	99.0	97.771	strong	megablast	0	0.00	0.00	0.00	0.00
ERR14789044	Sedoreoviridae	Sedoreoviridae_C015	ERR14788992|k141_1970	1490	1	1	ERR14788992	NO	NONE	MN206054	Human rotavirus C	100.0	99.433	strong	megablast	0	0.00	0.00	0.00	0.00
ERR14789044	Sedoreoviridae	Sedoreoviridae_C016	ERR14788992|k141_12191	1376	1	1	ERR14788992	NO	NONE	MK029688	Human rotavirus P[8]	100.0	99.441	strong	megablast	0	0.00	0.00	0.00	0.00
ERR14789044	Sedoreoviridae	Sedoreoviridae_C017	ERR14788992|k141_1500	1332	1	1	ERR14788992	NO	NONE	JF490795	Rotavirus A human/Vanderbilt/VU05-06-67/2005/G1P[8]	99.0	98.743	strong	megablast	0	0.00	0.00	0.00	0.00
ERR14789044	Sedoreoviridae	Sedoreoviridae_C018	ERR14788992|k141_5652	1311	1	1	ERR14788992	NO	NONE	JQ069757	Human rotavirus A	100.0	98.493	strong	megablast	0	0.00	0.00	0.00	0.00
ERR14789044	Sedoreoviridae	Sedoreoviridae_C019	ERR14788991|k141_3712	1215	1	1	ERR14788991	NO	NONE	KC580308	Rotavirus A	100.0	98.404	strong	megablast	0	0.00	0.00	0.00	0.00
ERR14789044	Sedoreoviridae	Sedoreoviridae_C020	ERR14788991|k141_4019	1115	1	1	ERR14788991	NO	NONE	KU248375	Human rotavirus A	100.0	97.633	strong	megablast	0	0.00	0.00	0.00	0.00
ERR14789044	Sedoreoviridae	Sedoreoviridae_C021	ERR14788991|k141_3749	1110	1	1	ERR14788991	NO	NONE	ON791955	Rotavirus A	99.0	97.933	strong	megablast	0	0.00	0.00	0.00	0.00
ERR14789044	Sedoreoviridae	Sedoreoviridae_C022	ERR14788991|k141_5013	1066	1	1	ERR14788991	NO	NONE	LC227964	Human rotavirus A	97.0	99.517	strong	megablast	0	0.00	0.00	0.00	0.00
ERR14789044	Sedoreoviridae	Sedoreoviridae_C023	ERR14788992|k141_7803	1004	1	1	ERR14788992	NO	NONE	LC477521	Human rotavirus A	100.0	99.172	strong	megablast	0	0.00	0.00	0.00	0.00
ERR14788864	Adenoviridae	Adenoviridae_C001	ERR14788954|k141_44	34268	5	4	ERR14788954,ERR14788991,ERR14788995,ERR14789044	NO	LOCAL_MAPPING	ON532818	Human adenovirus 41	100.0	99.116	strong	megablast	15	42.57	10.64	0.00	0.19
ERR14788864	Adenoviridae	Adenoviridae_C002	ERR14788995|k141_3829	22263	2	2	ERR14788992,ERR14788995	NO	NONE	PZ360988	Human adenovirus 41	99.0	99.954	strong	megablast	2	5.68	2.30	0.00	0.04
ERR14788864	Adenoviridae	Adenoviridae_C003	ERR14788954|k141_1783	5194	1	1	ERR14788954	NO	NONE	OR753124	Human mastadenovirus D	100.0	97.009	strong	megablast	0	0.00	0.00	0.00	0.00
ERR14788864	Adenoviridae	Adenoviridae_C004	ERR14788954|k141_8890	2826	1	1	ERR14788954	NO	NONE	KF268319	Human mastadenovirus D	100.0	98.610	strong	megablast	0	0.00	0.00	0.00	0.00
ERR14788864	Adenoviridae	Adenoviridae_C005	ERR14788954|k141_12718	2465	1	1	ERR14788954	NO	NONE	KX827426	Human mastadenovirus D	99.0	98.691	strong	megablast	0	0.00	0.00	0.00	0.00
ERR14788864	Adenoviridae	Adenoviridae_C006	ERR14788954|k141_9847	1005	1	1	ERR14788954	NO	NONE	KF268200	Human mastadenovirus D	97.0	99.281	strong	megablast	0	0.00	0.00	0.00	0.00
ERR14788864	Astroviridae	Astroviridae_C001	ERR14788992|k141_13885	6925	8	6	ERR14788864,ERR14788990,ERR14788991,ERR14788992,ERR14788995,ERR14789044	YES	ASSEMBLY	PP901925	Human astrovirus 1	100.0	99.426	strong	megablast	265	752.09	87.78	65.11	17.45
ERR14788864	Astroviridae	Astroviridae_C005	ERR14788990|k141_1202	4497	3	3	ERR14788990,ERR14788991,ERR14788992	NO	LOCAL_MAPPING	MN444721	Human astrovirus 3	100.0	98.931	strong	megablast	2	5.68	12.72	0.00	0.22
ERR14788864	Astroviridae	Astroviridae_C008	ERR14788991|k141_1065	3629	3	3	ERR14788990,ERR14788991,ERR14788992	NO	LOCAL_MAPPING	MN444721	Human astrovirus 3	99.0	98.894	strong	megablast	2	5.68	22.15	0.00	0.27
ERR14788864	Astroviridae	Astroviridae_C002	ERR14788954|k141_113	6868	2	2	ERR14788954,ERR14788990	NO	NONE	JF327666	Human astrovirus	99.0	97.578	strong	megablast	0	0.00	0.00	0.00	0.00
ERR14788864	Astroviridae	Astroviridae_C006	ERR14788988|k141_8673	4106	2	2	ERR14788988,ERR14788990	NO	NONE	MG921619	Human astrovirus	99.0	99.572	strong	megablast	0	0.00	0.00	0.00	0.00
ERR14788864	Astroviridae	Astroviridae_C003	ERR14788988|k141_14774	6459	1	1	ERR14788988	NO	NONE	PQ435237	Mamastrovirus 2	99.0	95.100	strong	megablast	3	8.51	8.61	0.00	0.14
ERR14788864	Astroviridae	Astroviridae_C004	ERR14788991|k141_1036	5333	1	1	ERR14788991	NO	NONE	KF039910	Human astrovirus 2	99.0	96.155	strong	megablast	0	0.00	0.00	0.00	0.00
ERR14788864	Astroviridae	Astroviridae_C007	ERR14789044|k141_2387	3810	1	1	ERR14789044	NO	LOCAL_MAPPING	MT766328	Astrovirus MLB1	100.0	99.305	strong	megablast	5	14.19	22.94	0.00	0.54
ERR14788864	Astroviridae	Astroviridae_C009	ERR14788954|k141_21331	2830	1	1	ERR14788954	NO	NONE	KJ656124	Astrovirus VA5	100.0	96.861	strong	megablast	0	0.00	0.00	0.00	0.00
ERR14788864	Astroviridae	Astroviridae_C010	ERR14788954|k141_3447	2508	1	1	ERR14788954	NO	NONE	PX619609	Human astrovirus 4	100.0	91.790	strong	megablast	0	0.00	0.00	0.00	0.00
ERR14788864	Astroviridae	Astroviridae_C011	ERR14788954|k141_23684	2413	1	1	ERR14788954	NO	NONE	OQ802716	Jingmen rodent astrovirus 2	99.0	84.234	moderate	sensitive_blastn	0	0.00	0.00	0.00	0.00
ERR14788864	Astroviridae	Astroviridae_C012	ERR14788991|k141_2217	2320	1	1	ERR14788991	NO	NONE	JX087965	Human astrovirus 1	100.0	97.520	strong	megablast	0	0.00	0.00	0.00	0.00
ERR14788864	Astroviridae	Astroviridae_C013	ERR14788991|k141_1804	2066	1	1	ERR14788991	NO	NONE	LC694997	Human astrovirus 1	100.0	94.686	strong	megablast	0	0.00	0.00	0.00	0.00
ERR14788864	Astroviridae	Astroviridae_C014	ERR14788990|k141_568	2013	1	1	ERR14788990	NO	NONE	LC694997	Human astrovirus 1	99.0	98.587	strong	megablast	0	0.00	0.00	0.00	0.00
ERR14788864	Astroviridae	Astroviridae_C015	ERR14788954|k141_16872	1925	1	1	ERR14788954	NO	NONE	KJ656124	Astrovirus VA5	97.0	96.583	strong	megablast	0	0.00	0.00	0.00	0.00
ERR14788864	Astroviridae	Astroviridae_C016	ERR14789044|k141_33	1664	1	1	ERR14789044	NO	NONE	ON807354	Mamastrovirus 1	100.0	98.496	strong	megablast	0	0.00	0.00	0.00	0.00
ERR14788864	Astroviridae	Astroviridae_C017	ERR14788990|k141_1280	1520	1	1	ERR14788990	NO	NONE	MK882944	Human astrovirus 8	99.0	98.749	strong	megablast	0	0.00	0.00	0.00	0.00
ERR14788864	Astroviridae	Astroviridae_C018	ERR14788995|k141_2627	1455	1	1	ERR14788995	NO	LOCAL_MAPPING	KX022687	Astrovirus MLB2	100.0	98.969	strong	megablast	3	8.51	39.59	0.00	0.98
ERR14788864	Astroviridae	Astroviridae_C019	ERR14788990|k141_2323	1356	1	1	ERR14788990	NO	NONE	PV189388	Human astrovirus 4	99.0	95.487	strong	megablast	0	0.00	0.00	0.00	0.00
ERR14788864	Astroviridae	Astroviridae_C020	ERR14788990|k141_2898	1085	1	1	ERR14788990	NO	NONE	KF039910	Human astrovirus 2	100.0	95.662	strong	megablast	0	0.00	0.00	0.00	0.00
ERR14788864	Astroviridae	Astroviridae_C021	ERR14789044|k141_1969	1038	1	1	ERR14789044	NO	NONE	MK108183	Mamastrovirus 1	100.0	100.000	strong	megablast	0	0.00	0.00	0.00	0.00
ERR14788864	Astroviridae	Astroviridae_C022	ERR14788990|k141_238	1000	1	1	ERR14788990	NO	NONE	MH933757	Human astrovirus	98.0	97.454	strong	megablast	0	0.00	0.00	0.00	0.00
ERR14788864	Caliciviridae	Caliciviridae_C004	ERR14788991|k141_4783	2777	4	4	ERR14788954,ERR14788988,ERR14788991,ERR14788992	NO	LOCAL_MAPPING	MF431582	Sapovirus Hu/GI.2/Dublin/2016/IRL	100.0	99.247	strong	megablast	4	11.35	23.59	0.00	0.65
ERR14788864	Caliciviridae	Caliciviridae_C009	ERR14788991|k141_4615	1766	2	2	ERR14788991,ERR14788992	NO	LOCAL_MAPPING	MF431582	Sapovirus Hu/GI.2/Dublin/2016/IRL	100.0	99.037	strong	megablast	2	5.68	14.84	0.00	0.34
ERR14788864	Caliciviridae	Caliciviridae_C001	ERR14788954|k141_3875	7721	1	1	ERR14788954	NO	NONE	MH608286	Norovirus GI	81.0	95.014	strong	megablast	0	0.00	0.00	0.00	0.00
ERR14788864	Caliciviridae	Caliciviridae_C002	ERR14788954|k141_15579	5510	1	1	ERR14788954	NO	NONE	MH922773	Sapovirus GII	99.0	86.839	moderate	sensitive_blastn	0	0.00	0.00	0.00	0.00
ERR14788864	Caliciviridae	Caliciviridae_C003	ERR14788954|k141_3618	4764	1	1	ERR14788954	NO	NONE	OP255973	Sapovirus GI	99.0	95.611	strong	megablast	0	0.00	0.00	0.00	0.00
ERR14788864	Caliciviridae	Caliciviridae_C005	ERR14789044|k141_25	2648	1	1	ERR14789044	NO	NONE	MG012434	Sapovirus GV.1	99.0	98.819	strong	megablast	1	2.84	8.12	0.00	0.16
ERR14788864	Caliciviridae	Caliciviridae_C006	ERR14788991|k141_2057	2461	1	1	ERR14788991	NO	NONE	LC816516	Sapovirus GII.2	99.0	98.312	strong	megablast	0	0.00	0.00	0.00	0.00
ERR14788864	Caliciviridae	Caliciviridae_C007	ERR14789044|k141_2725	2358	1	1	ERR14789044	NO	LOCAL_MAPPING	MG012434	Sapovirus GV.1	100.0	98.813	strong	megablast	1	2.84	20.95	0.00	0.24
ERR14788864	Caliciviridae	Caliciviridae_C008	ERR14788991|k141_5592	2221	1	1	ERR14788991	NO	LOCAL_MAPPING	MF431582	Sapovirus Hu/GI.2/Dublin/2016/IRL	99.0	99.296	strong	megablast	3	8.51	24.45	0.00	0.56
ERR14788864	Caliciviridae	Caliciviridae_C010	ERR14788954|k141_526	1745	1	1	ERR14788954	NO	NONE	MN794213	Sapovirus GII.1	98.0	92.632	strong	megablast	0	0.00	0.00	0.00	0.00
ERR14788864	Caliciviridae	Caliciviridae_C011	ERR14788992|k141_12144	1690	1	1	ERR14788992	NO	NONE	PP819507	Sapovirus GI.1	99.0	98.258	strong	megablast	0	0.00	0.00	0.00	0.00
ERR14788864	Caliciviridae	Caliciviridae_C012	ERR14789044|k141_3236	1235	1	1	ERR14789044	NO	NONE	MK291481	Sapovirus GI	99.0	98.488	strong	megablast	0	0.00	0.00	0.00	0.00
ERR14788864	Caliciviridae	Caliciviridae_C013	ERR14789044|k141_971	1142	1	1	ERR14789044	NO	NONE	MN161596	Sapovirus GI	100.0	97.550	strong	megablast	0	0.00	0.00	0.00	0.00
ERR14788864	Caliciviridae	Caliciviridae_C014	ERR14788990|k141_36	1065	1	1	ERR14788990	NO	NONE	PV013596	Sapovirus GI	99.0	99.341	strong	megablast	0	0.00	0.00	0.00	0.00
ERR14788864	Caliciviridae	Caliciviridae_C015	ERR14788992|k141_4651	1034	1	1	ERR14788992	NO	NONE	MK236611	Norovirus GI	100.0	97.786	strong	megablast	0	0.00	0.00	0.00	0.00
ERR14788864	Parvoviridae	Parvoviridae_C001	ERR14788995|k141_7572	5456	5	5	ERR14788954,ERR14788990,ERR14788992,ERR14788995,ERR14789044	NO	LOCAL_MAPPING	OP255991	Human bocavirus 3	100.0	99.735	strong	megablast	17	48.25	46.33	0.00	1.53
ERR14788864	Parvoviridae	Parvoviridae_C002	ERR14788995|k141_6225	5313	4	4	ERR14788990,ERR14788991,ERR14788992,ERR14788995	NO	NONE	KY927869	Rodent bocavirus	99.0	98.191	strong	megablast	0	0.00	0.00	0.00	0.00
ERR14788864	Parvoviridae	Parvoviridae_C006	ERR14789044|k141_3535	1802	3	3	ERR14788990,ERR14788992,ERR14789044	NO	LOCAL_MAPPING	GU048664	Human bocavirus 2	96.0	99.564	strong	megablast	6	17.03	33.52	0.00	1.36
ERR14788864	Parvoviridae	Parvoviridae_C004	ERR14789044|k141_3682	2174	2	2	ERR14788992,ERR14789044	NO	HIGH_BREADTH_MAPPING	EU082213	Human bocavirus 2	99.0	99.759	strong	megablast	24	68.11	80.82	14.81	4.81
ERR14788864	Parvoviridae	Parvoviridae_C003	ERR14789044|k141_3120	3833	1	1	ERR14789044	NO	LOCAL_MAPPING	KF771828	Canine bocavirus	99.0	97.459	strong	megablast	5	14.19	26.82	0.00	0.54
ERR14788864	Parvoviridae	Parvoviridae_C005	ERR14788995|k141_2517	2055	1	1	ERR14788995	NO	LOCAL_MAPPING	GU048664	Human bocavirus 2	99.0	99.415	strong	megablast	6	17.03	25.45	0.63	1.19
ERR14788864	Parvoviridae	Parvoviridae_C007	ERR14788954|k141_5565	1660	1	1	ERR14788954	NO	NONE	PP711821	Rattus rat parvovirus	99.0	90.459	strong	megablast	0	0.00	0.00	0.00	0.00
ERR14788864	Parvoviridae	Parvoviridae_C008	ERR14788954|k141_11587	1377	1	1	ERR14788954	NO	NONE	PP711821	Rattus rat parvovirus	98.0	94.383	strong	megablast	0	0.00	0.00	0.00	0.00
ERR14788864	Parvoviridae	Parvoviridae_C009	ERR14788990|k141_2921	1126	1	1	ERR14788990	NO	NONE	MF085373	Porcine bocavirus	97.0	97.793	strong	megablast	0	0.00	0.00	0.00	0.00
ERR14788864	Picornaviridae	Picornaviridae_C001	ERR14788954|k141_3867	7092	1	1	ERR14788954	NO	NONE	KX171334	Enterovirus B106	100.0	82.178	moderate	sensitive_blastn	0	0.00	0.00	0.00	0.00
ERR14788864	Picornaviridae	Picornaviridae_C002	ERR14788954|k141_14829	6088	1	1	ERR14788954	NO	NONE	AY302543	Echovirus E17	99.0	80.753	moderate	sensitive_blastn	0	0.00	0.00	0.00	0.00
ERR14788864	Picornaviridae	Picornaviridae_C003	ERR14788954|k141_20958	3327	1	1	ERR14788954	NO	NONE	GQ927704	aichivirus A1	100.0	87.556	moderate	sensitive_blastn	0	0.00	0.00	0.00	0.00
ERR14788864	Picornaviridae	Picornaviridae_C004	ERR14788988|k141_8449	2954	1	1	ERR14788988	NO	NONE	MF947441	Kobuvirus sp.	99.0	97.833	strong	megablast	2	5.68	9.41	0.00	0.31
ERR14788864	Picornaviridae	Picornaviridae_C005	ERR14788954|k141_22448	2878	1	1	ERR14788954	NO	NONE	PQ889394	Coxsackievirus A19	99.0	97.497	strong	megablast	0	0.00	0.00	0.00	0.00
ERR14788864	Picornaviridae	Picornaviridae_C006	ERR14788954|k141_15999	2686	1	1	ERR14788954	NO	NONE	PQ889394	Coxsackievirus A19	100.0	98.561	strong	megablast	0	0.00	0.00	0.00	0.00
ERR14788864	Picornaviridae	Picornaviridae_C007	ERR14788954|k141_22664	2458	1	1	ERR14788954	NO	NONE	MZ603081	Picornaviridae sp.	89.0	94.005	strong	megablast	0	0.00	0.00	0.00	0.00
ERR14788864	Picornaviridae	Picornaviridae_C008	ERR14788954|k141_10866	2371	1	1	ERR14788954	NO	NONE	LC321988	Echovirus E9	100.0	97.343	strong	megablast	0	0.00	0.00	0.00	0.00
ERR14788864	Picornaviridae	Picornaviridae_C009	ERR14788995|k141_7513	2262	1	1	ERR14788995	NO	NONE	MK372823	aichivirus A1	98.0	96.496	strong	megablast	0	0.00	0.00	0.00	0.00
ERR14788864	Picornaviridae	Picornaviridae_C010	ERR14788954|k141_18342	1980	1	1	ERR14788954	NO	NONE	OQ791575	Coxsackievirus B5	98.0	86.471	moderate	sensitive_blastn	0	0.00	0.00	0.00	0.00
ERR14788864	Picornaviridae	Picornaviridae_C011	ERR14788954|k141_20065	1888	1	1	ERR14788954	NO	NONE	PQ889389	Coxsackievirus A13	99.0	90.095	strong	megablast	0	0.00	0.00	0.00	0.00
ERR14788864	Picornaviridae	Picornaviridae_C012	ERR14788954|k141_10512	1593	1	1	ERR14788954	NO	NONE	PQ889359	Echovirus E18	99.0	92.575	strong	megablast	0	0.00	0.00	0.00	0.00
ERR14788864	Picornaviridae	Picornaviridae_C013	ERR14788954|k141_3382	1524	1	1	ERR14788954	NO	NONE	PQ889405	Coxsackievirus A24	95.0	87.560	moderate	sensitive_blastn	0	0.00	0.00	0.00	0.00
ERR14788864	Picornaviridae	Picornaviridae_C014	ERR14788954|k141_23799	1465	1	1	ERR14788954	NO	NONE	PX441811	Enterovirus A119	99.0	89.686	moderate	sensitive_blastn	0	0.00	0.00	0.00	0.00
ERR14788864	Picornaviridae	Picornaviridae_C015	ERR14788954|k141_15422	1294	1	1	ERR14788954	NO	NONE	PQ889391	Coxsackievirus A13	100.0	87.287	moderate	sensitive_blastn	0	0.00	0.00	0.00	0.00
ERR14788864	Picornaviridae	Picornaviridae_C016	ERR14788954|k141_19102	1187	1	1	ERR14788954	NO	NONE	PQ889396	Coxsackievirus A19	98.0	95.189	strong	megablast	0	0.00	0.00	0.00	0.00
ERR14788864	Picornaviridae	Picornaviridae_C017	ERR14788991|k141_5462	1116	1	1	ERR14788991	NO	NONE	PV261144	Salivirus A	95.0	94.607	strong	megablast	0	0.00	0.00	0.00	0.00
ERR14788864	Picornaviridae	Picornaviridae_C018	ERR14788954|k141_21279	1070	1	1	ERR14788954	NO	NONE	MH933858	Human enterovirus	92.0	88.057	moderate	sensitive_blastn	0	0.00	0.00	0.00	0.00
ERR14788864	Picornaviridae	Picornaviridae_C019	ERR14789044|k141_1274	1061	1	1	ERR14789044	NO	NONE	MG012434	Sapovirus GV.1	99.0	97.047	strong	megablast	0	0.00	0.00	0.00	0.00
ERR14788864	Picornaviridae	Picornaviridae_C020	ERR14788954|k141_7587	1007	1	1	ERR14788954	NO	NONE	MH608285	Norovirus GII	94.0	96.832	strong	megablast	0	0.00	0.00	0.00	0.00
ERR14788864	Picornaviridae	Picornaviridae_C021	ERR14788954|k141_22796	1004	1	1	ERR14788954	NO	NONE	PV611449	Norovirus GII	100.0	98.805	strong	megablast	0	0.00	0.00	0.00	0.00
ERR14788864	Sedoreoviridae	Sedoreoviridae_C004	ERR14788992|k141_14248	3205	3	3	ERR14788990,ERR14788991,ERR14788992	NO	LOCAL_MAPPING	OR890193	Rotavirus A	99.0	99.219	strong	megablast	2	5.68	19.38	0.00	0.31
ERR14788864	Sedoreoviridae	Sedoreoviridae_C012	ERR14788992|k141_2176	1922	3	3	ERR14788990,ERR14788991,ERR14788992	NO	NONE	LC491454	Human rotavirus A	100.0	99.303	strong	megablast	0	0.00	0.00	0.00	0.00
ERR14788864	Sedoreoviridae	Sedoreoviridae_C001	ERR14788992|k141_11532	3969	2	2	ERR14788991,ERR14788992	NO	NONE	LC477448	Human rotavirus A	99.0	97.615	strong	megablast	0	0.00	0.00	0.00	0.00
ERR14788864	Sedoreoviridae	Sedoreoviridae_C011	ERR14788991|k141_5815	1923	2	2	ERR14788991,ERR14788992	NO	NONE	KR705256	Rotavirus A	82.0	97.016	strong	megablast	0	0.00	0.00	0.00	0.00
ERR14788864	Sedoreoviridae	Sedoreoviridae_C013	ERR14788992|k141_382	1877	2	2	ERR14788990,ERR14788992	NO	LOCAL_MAPPING	MH569759	Rotavirus A	99.0	98.738	strong	megablast	1	2.84	12.25	0.00	0.25
ERR14788864	Sedoreoviridae	Sedoreoviridae_C014	ERR14788991|k141_4973	1772	2	2	ERR14788991,ERR14788992	NO	NONE	OR890170	Rotavirus A	99.0	99.085	strong	megablast	0	0.00	0.00	0.00	0.00
ERR14788864	Sedoreoviridae	Sedoreoviridae_C002	ERR14788992|k141_2824	3596	1	1	ERR14788992	NO	NONE	OR890125	Rotavirus A	99.0	99.101	strong	megablast	0	0.00	0.00	0.00	0.00
ERR14788864	Sedoreoviridae	Sedoreoviridae_C003	ERR14788992|k141_8616	3408	1	1	ERR14788992	NO	NONE	LC455770	Rotavirus A	98.0	99.696	strong	megablast	0	0.00	0.00	0.00	0.00
ERR14788864	Sedoreoviridae	Sedoreoviridae_C005	ERR14788992|k141_744	2743	1	1	ERR14788992	NO	NONE	LC477618	Human rotavirus A	99.0	99.811	strong	megablast	0	0.00	0.00	0.00	0.00
ERR14788864	Sedoreoviridae	Sedoreoviridae_C006	ERR14788992|k141_4476	2450	1	1	ERR14788992	NO	NONE	PZ436761	Human rotavirus C	99.0	99.239	strong	megablast	0	0.00	0.00	0.00	0.00
ERR14788864	Sedoreoviridae	Sedoreoviridae_C007	ERR14788992|k141_13491	2276	1	1	ERR14788992	NO	NONE	PX211134	Rotavirus alphagastroenteritidis	100.0	97.803	strong	megablast	2	5.68	9.27	0.00	0.37
ERR14788864	Sedoreoviridae	Sedoreoviridae_C008	ERR14788992|k141_6124	2190	1	1	ERR14788992	NO	NONE	PZ436762	Human rotavirus C	98.0	99.276	strong	megablast	0	0.00	0.00	0.00	0.00
ERR14788864	Sedoreoviridae	Sedoreoviridae_C009	ERR14788992|k141_7633	2074	1	1	ERR14788992	NO	NONE	OR193448	Rotavirus A	99.0	97.927	strong	megablast	0	0.00	0.00	0.00	0.00
ERR14788864	Sedoreoviridae	Sedoreoviridae_C010	ERR14788991|k141_4602	2053	1	1	ERR14788991	NO	LOCAL_MAPPING	PX492905	Rotavirus alphagastroenteritidis	99.0	97.771	strong	megablast	2	5.68	16.07	0.00	0.26
ERR14788864	Sedoreoviridae	Sedoreoviridae_C015	ERR14788992|k141_1970	1490	1	1	ERR14788992	NO	NONE	MN206054	Human rotavirus C	100.0	99.433	strong	megablast	0	0.00	0.00	0.00	0.00
ERR14788864	Sedoreoviridae	Sedoreoviridae_C016	ERR14788992|k141_12191	1376	1	1	ERR14788992	NO	NONE	MK029688	Human rotavirus P[8]	100.0	99.441	strong	megablast	0	0.00	0.00	0.00	0.00
ERR14788864	Sedoreoviridae	Sedoreoviridae_C017	ERR14788992|k141_1500	1332	1	1	ERR14788992	NO	NONE	JF490795	Rotavirus A human/Vanderbilt/VU05-06-67/2005/G1P[8]	99.0	98.743	strong	megablast	0	0.00	0.00	0.00	0.00
ERR14788864	Sedoreoviridae	Sedoreoviridae_C018	ERR14788992|k141_5652	1311	1	1	ERR14788992	NO	NONE	JQ069757	Human rotavirus A	100.0	98.493	strong	megablast	0	0.00	0.00	0.00	0.00
ERR14788864	Sedoreoviridae	Sedoreoviridae_C019	ERR14788991|k141_3712	1215	1	1	ERR14788991	NO	NONE	KC580308	Rotavirus A	100.0	98.404	strong	megablast	0	0.00	0.00	0.00	0.00
ERR14788864	Sedoreoviridae	Sedoreoviridae_C020	ERR14788991|k141_4019	1115	1	1	ERR14788991	NO	NONE	KU248375	Human rotavirus A	100.0	97.633	strong	megablast	0	0.00	0.00	0.00	0.00
ERR14788864	Sedoreoviridae	Sedoreoviridae_C021	ERR14788991|k141_3749	1110	1	1	ERR14788991	NO	NONE	ON791955	Rotavirus A	99.0	97.933	strong	megablast	0	0.00	0.00	0.00	0.00
ERR14788864	Sedoreoviridae	Sedoreoviridae_C022	ERR14788991|k141_5013	1066	1	1	ERR14788991	NO	NONE	LC227964	Human rotavirus A	97.0	99.517	strong	megablast	0	0.00	0.00	0.00	0.00
ERR14788864	Sedoreoviridae	Sedoreoviridae_C023	ERR14788992|k141_7803	1004	1	1	ERR14788992	NO	NONE	LC477521	Human rotavirus A	100.0	99.172	strong	megablast	0	0.00	0.00	0.00	0.00
ERR14788954	Adenoviridae	Adenoviridae_C001	ERR14788954|k141_44	34268	5	4	ERR14788954,ERR14788991,ERR14788995,ERR14789044	YES	ASSEMBLY	ON532818	Human adenovirus 41	100.0	99.116	strong	megablast	188481	169707.91	84.37	67.42	2038.84
ERR14788954	Adenoviridae	Adenoviridae_C002	ERR14788995|k141_3829	22263	2	2	ERR14788992,ERR14788995	NO	LOCAL_MAPPING	PZ360988	Human adenovirus 41	99.0	99.954	strong	megablast	4582	4125.62	25.79	3.84	77.70
ERR14788954	Adenoviridae	Adenoviridae_C003	ERR14788954|k141_1783	5194	1	1	ERR14788954	YES	ASSEMBLY	OR753124	Human mastadenovirus D	100.0	97.009	strong	megablast	348	313.34	97.75	68.06	23.35
ERR14788954	Adenoviridae	Adenoviridae_C004	ERR14788954|k141_8890	2826	1	1	ERR14788954	YES	ASSEMBLY	KF268319	Human mastadenovirus D	100.0	98.610	strong	megablast	138	124.25	98.73	70.06	16.09
ERR14788954	Adenoviridae	Adenoviridae_C005	ERR14788954|k141_12718	2465	1	1	ERR14788954	YES	ASSEMBLY	KX827426	Human mastadenovirus D	99.0	98.691	strong	megablast	92	82.84	100.00	77.40	13.06
ERR14788954	Adenoviridae	Adenoviridae_C006	ERR14788954|k141_9847	1005	1	1	ERR14788954	YES	ASSEMBLY	KF268200	Human mastadenovirus D	97.0	99.281	strong	megablast	30	27.01	95.52	38.61	11.08
ERR14788954	Astroviridae	Astroviridae_C001	ERR14788992|k141_13885	6925	8	6	ERR14788864,ERR14788990,ERR14788991,ERR14788992,ERR14788995,ERR14789044	NO	NONE	PP901925	Human astrovirus 1	100.0	99.426	strong	megablast	0	0.00	0.00	0.00	0.00
ERR14788954	Astroviridae	Astroviridae_C005	ERR14788990|k141_1202	4497	3	3	ERR14788990,ERR14788991,ERR14788992	NO	NONE	MN444721	Human astrovirus 3	100.0	98.931	strong	megablast	1	0.90	5.07	0.00	0.05
ERR14788954	Astroviridae	Astroviridae_C008	ERR14788991|k141_1065	3629	3	3	ERR14788990,ERR14788991,ERR14788992	NO	NONE	MN444721	Human astrovirus 3	99.0	98.894	strong	megablast	8	7.20	9.92	1.52	0.77
ERR14788954	Astroviridae	Astroviridae_C002	ERR14788954|k141_113	6868	2	2	ERR14788954,ERR14788990	YES	ASSEMBLY	JF327666	Human astrovirus	99.0	97.578	strong	megablast	15246	13727.47	100.00	99.23	818.41
ERR14788954	Astroviridae	Astroviridae_C006	ERR14788988|k141_8673	4106	2	2	ERR14788988,ERR14788990	NO	NONE	MG921619	Human astrovirus	99.0	99.572	strong	megablast	0	0.00	0.00	0.00	0.00
ERR14788954	Astroviridae	Astroviridae_C003	ERR14788988|k141_14774	6459	1	1	ERR14788988	NO	NONE	PQ435237	Mamastrovirus 2	99.0	95.100	strong	megablast	0	0.00	0.00	0.00	0.00
ERR14788954	Astroviridae	Astroviridae_C004	ERR14788991|k141_1036	5333	1	1	ERR14788991	NO	NONE	KF039910	Human astrovirus 2	99.0	96.155	strong	megablast	0	0.00	0.00	0.00	0.00
ERR14788954	Astroviridae	Astroviridae_C007	ERR14789044|k141_2387	3810	1	1	ERR14789044	NO	NONE	MT766328	Astrovirus MLB1	100.0	99.305	strong	megablast	0	0.00	0.00	0.00	0.00
ERR14788954	Astroviridae	Astroviridae_C009	ERR14788954|k141_21331	2830	1	1	ERR14788954	YES	ASSEMBLY	KJ656124	Astrovirus VA5	100.0	96.861	strong	megablast	234	210.69	93.43	78.45	29.87
ERR14788954	Astroviridae	Astroviridae_C010	ERR14788954|k141_3447	2508	1	1	ERR14788954	YES	ASSEMBLY	PX619609	Human astrovirus 4	100.0	91.790	strong	megablast	127	114.35	100.00	76.56	18.56
ERR14788954	Astroviridae	Astroviridae_C011	ERR14788954|k141_23684	2413	1	1	ERR14788954	YES	ASSEMBLY	OQ802716	Jingmen rodent astrovirus 2	99.0	84.234	moderate	sensitive_blastn	344	309.74	97.14	85.99	52.61
ERR14788954	Astroviridae	Astroviridae_C012	ERR14788991|k141_2217	2320	1	1	ERR14788991	NO	NONE	JX087965	Human astrovirus 1	100.0	97.520	strong	megablast	0	0.00	0.00	0.00	0.00
ERR14788954	Astroviridae	Astroviridae_C013	ERR14788991|k141_1804	2066	1	1	ERR14788991	NO	NONE	LC694997	Human astrovirus 1	100.0	94.686	strong	megablast	2	1.80	8.86	0.00	0.17
ERR14788954	Astroviridae	Astroviridae_C014	ERR14788990|k141_568	2013	1	1	ERR14788990	NO	NONE	LC694997	Human astrovirus 1	99.0	98.587	strong	megablast	0	0.00	0.00	0.00	0.00
ERR14788954	Astroviridae	Astroviridae_C015	ERR14788954|k141_16872	1925	1	1	ERR14788954	YES	ASSEMBLY	KJ656124	Astrovirus VA5	97.0	96.583	strong	megablast	106	95.44	100.00	94.08	19.93
ERR14788954	Astroviridae	Astroviridae_C016	ERR14789044|k141_33	1664	1	1	ERR14789044	NO	NONE	ON807354	Mamastrovirus 1	100.0	98.496	strong	megablast	0	0.00	0.00	0.00	0.00
ERR14788954	Astroviridae	Astroviridae_C017	ERR14788990|k141_1280	1520	1	1	ERR14788990	NO	NONE	MK882944	Human astrovirus 8	99.0	98.749	strong	megablast	0	0.00	0.00	0.00	0.00
ERR14788954	Astroviridae	Astroviridae_C018	ERR14788995|k141_2627	1455	1	1	ERR14788995	NO	NONE	KX022687	Astrovirus MLB2	100.0	98.969	strong	megablast	0	0.00	0.00	0.00	0.00
ERR14788954	Astroviridae	Astroviridae_C019	ERR14788990|k141_2323	1356	1	1	ERR14788990	NO	NONE	PV189388	Human astrovirus 4	99.0	95.487	strong	megablast	0	0.00	0.00	0.00	0.00
ERR14788954	Astroviridae	Astroviridae_C020	ERR14788990|k141_2898	1085	1	1	ERR14788990	NO	NONE	KF039910	Human astrovirus 2	100.0	95.662	strong	megablast	0	0.00	0.00	0.00	0.00
ERR14788954	Astroviridae	Astroviridae_C021	ERR14789044|k141_1969	1038	1	1	ERR14789044	NO	NONE	MK108183	Mamastrovirus 1	100.0	100.000	strong	megablast	0	0.00	0.00	0.00	0.00
ERR14788954	Astroviridae	Astroviridae_C022	ERR14788990|k141_238	1000	1	1	ERR14788990	NO	NONE	MH933757	Human astrovirus	98.0	97.454	strong	megablast	0	0.00	0.00	0.00	0.00
ERR14788954	Caliciviridae	Caliciviridae_C004	ERR14788991|k141_4783	2777	4	4	ERR14788954,ERR14788988,ERR14788991,ERR14788992	YES	ASSEMBLY	MF431582	Sapovirus Hu/GI.2/Dublin/2016/IRL	100.0	99.247	strong	megablast	16	14.41	28.56	10.08	2.46
ERR14788954	Caliciviridae	Caliciviridae_C009	ERR14788991|k141_4615	1766	2	2	ERR14788991,ERR14788992	NO	NONE	MF431582	Sapovirus Hu/GI.2/Dublin/2016/IRL	100.0	99.037	strong	megablast	0	0.00	0.00	0.00	0.00
ERR14788954	Caliciviridae	Caliciviridae_C001	ERR14788954|k141_3875	7721	1	1	ERR14788954	YES	ASSEMBLY	MH608286	Norovirus GI	81.0	95.014	strong	megablast	971	874.29	94.66	89.96	46.29
ERR14788954	Caliciviridae	Caliciviridae_C002	ERR14788954|k141_15579	5510	1	1	ERR14788954	YES	ASSEMBLY	MH922773	Sapovirus GII	99.0	86.839	moderate	sensitive_blastn	245	220.60	99.07	78.51	16.47
ERR14788954	Caliciviridae	Caliciviridae_C003	ERR14788954|k141_3618	4764	1	1	ERR14788954	YES	ASSEMBLY	OP255973	Sapovirus GI	99.0	95.611	strong	megablast	120	108.05	97.92	39.53	9.72
ERR14788954	Caliciviridae	Caliciviridae_C005	ERR14789044|k141_25	2648	1	1	ERR14789044	NO	NONE	MG012434	Sapovirus GV.1	99.0	98.819	strong	megablast	0	0.00	0.00	0.00	0.00
ERR14788954	Caliciviridae	Caliciviridae_C006	ERR14788991|k141_2057	2461	1	1	ERR14788991	NO	LOCAL_MAPPING	LC816516	Sapovirus GII.2	99.0	98.312	strong	megablast	11	9.90	11.74	7.27	1.66
ERR14788954	Caliciviridae	Caliciviridae_C007	ERR14789044|k141_2725	2358	1	1	ERR14789044	NO	NONE	MG012434	Sapovirus GV.1	100.0	98.813	strong	megablast	0	0.00	0.00	0.00	0.00
ERR14788954	Caliciviridae	Caliciviridae_C008	ERR14788991|k141_5592	2221	1	1	ERR14788991	NO	LOCAL_MAPPING	MF431582	Sapovirus Hu/GI.2/Dublin/2016/IRL	99.0	99.296	strong	megablast	1	0.90	12.47	0.00	0.21
ERR14788954	Caliciviridae	Caliciviridae_C010	ERR14788954|k141_526	1745	1	1	ERR14788954	YES	ASSEMBLY	MN794213	Sapovirus GII.1	98.0	92.632	strong	megablast	59	53.12	95.13	50.43	12.46
ERR14788954	Caliciviridae	Caliciviridae_C011	ERR14788992|k141_12144	1690	1	1	ERR14788992	NO	NONE	PP819507	Sapovirus GI.1	99.0	98.258	strong	megablast	0	0.00	0.00	0.00	0.00
ERR14788954	Caliciviridae	Caliciviridae_C012	ERR14789044|k141_3236	1235	1	1	ERR14789044	NO	NONE	MK291481	Sapovirus GI	99.0	98.488	strong	megablast	0	0.00	0.00	0.00	0.00
ERR14788954	Caliciviridae	Caliciviridae_C013	ERR14789044|k141_971	1142	1	1	ERR14789044	NO	NONE	MN161596	Sapovirus GI	100.0	97.550	strong	megablast	0	0.00	0.00	0.00	0.00
ERR14788954	Caliciviridae	Caliciviridae_C014	ERR14788990|k141_36	1065	1	1	ERR14788990	NO	NONE	PV013596	Sapovirus GI	99.0	99.341	strong	megablast	0	0.00	0.00	0.00	0.00
ERR14788954	Caliciviridae	Caliciviridae_C015	ERR14788992|k141_4651	1034	1	1	ERR14788992	NO	NONE	MK236611	Norovirus GI	100.0	97.786	strong	megablast	0	0.00	0.00	0.00	0.00
ERR14788954	Parvoviridae	Parvoviridae_C001	ERR14788995|k141_7572	5456	5	5	ERR14788954,ERR14788990,ERR14788992,ERR14788995,ERR14789044	YES	ASSEMBLY	OP255991	Human bocavirus 3	100.0	99.735	strong	megablast	138	124.25	88.98	25.86	9.59
ERR14788954	Parvoviridae	Parvoviridae_C002	ERR14788995|k141_6225	5313	4	4	ERR14788990,ERR14788991,ERR14788992,ERR14788995	NO	NONE	KY927869	Rodent bocavirus	99.0	98.191	strong	megablast	0	0.00	0.00	0.00	0.00
ERR14788954	Parvoviridae	Parvoviridae_C006	ERR14789044|k141_3535	1802	3	3	ERR14788990,ERR14788992,ERR14789044	NO	LOCAL_MAPPING	GU048664	Human bocavirus 2	96.0	99.564	strong	megablast	7	6.30	22.25	0.00	1.53
ERR14788954	Parvoviridae	Parvoviridae_C004	ERR14789044|k141_3682	2174	2	2	ERR14788992,ERR14789044	NO	LOCAL_MAPPING	EU082213	Human bocavirus 2	99.0	99.759	strong	megablast	5	4.50	34.13	0.00	0.68
ERR14788954	Parvoviridae	Parvoviridae_C003	ERR14789044|k141_3120	3833	1	1	ERR14789044	NO	NONE	KF771828	Canine bocavirus	99.0	97.459	strong	megablast	0	0.00	0.00	0.00	0.00
ERR14788954	Parvoviridae	Parvoviridae_C005	ERR14788995|k141_2517	2055	1	1	ERR14788995	NO	NONE	GU048664	Human bocavirus 2	99.0	99.415	strong	megablast	0	0.00	0.00	0.00	0.00
ERR14788954	Parvoviridae	Parvoviridae_C007	ERR14788954|k141_5565	1660	1	1	ERR14788954	YES	ASSEMBLY	PP711821	Rattus rat parvovirus	99.0	90.459	strong	megablast	63	56.73	90.42	52.05	14.54
ERR14788954	Parvoviridae	Parvoviridae_C008	ERR14788954|k141_11587	1377	1	1	ERR14788954	YES	ASSEMBLY	PP711821	Rattus rat parvovirus	98.0	94.383	strong	megablast	88	79.24	85.26	50.40	24.29
ERR14788954	Parvoviridae	Parvoviridae_C009	ERR14788990|k141_2921	1126	1	1	ERR14788990	NO	NONE	MF085373	Porcine bocavirus	97.0	97.793	strong	megablast	0	0.00	0.00	0.00	0.00
ERR14788954	Picornaviridae	Picornaviridae_C001	ERR14788954|k141_3867	7092	1	1	ERR14788954	YES	ASSEMBLY	KX171334	Enterovirus B106	100.0	82.178	moderate	sensitive_blastn	1482	1334.39	98.35	92.50	78.09
ERR14788954	Picornaviridae	Picornaviridae_C002	ERR14788954|k141_14829	6088	1	1	ERR14788954	YES	ASSEMBLY	AY302543	Echovirus E17	99.0	80.753	moderate	sensitive_blastn	1008	907.60	97.31	87.55	60.94
ERR14788954	Picornaviridae	Picornaviridae_C003	ERR14788954|k141_20958	3327	1	1	ERR14788954	YES	ASSEMBLY	GQ927704	aichivirus A1	100.0	87.556	moderate	sensitive_blastn	205	184.58	100.00	71.15	20.16
ERR14788954	Picornaviridae	Picornaviridae_C004	ERR14788988|k141_8449	2954	1	1	ERR14788988	NO	LOCAL_MAPPING	MF947441	Kobuvirus sp.	99.0	97.833	strong	megablast	19	17.11	22.78	7.75	2.24
ERR14788954	Picornaviridae	Picornaviridae_C005	ERR14788954|k141_22448	2878	1	1	ERR14788954	YES	ASSEMBLY	PQ889394	Coxsackievirus A19	99.0	97.497	strong	megablast	136	122.45	100.00	73.18	17.42
ERR14788954	Picornaviridae	Picornaviridae_C006	ERR14788954|k141_15999	2686	1	1	ERR14788954	YES	ASSEMBLY	PQ889394	Coxsackievirus A19	100.0	98.561	strong	megablast	80	72.03	89.58	54.47	11.96
ERR14788954	Picornaviridae	Picornaviridae_C007	ERR14788954|k141_22664	2458	1	1	ERR14788954	YES	ASSEMBLY	MZ603081	Picornaviridae sp.	89.0	94.005	strong	megablast	495	445.70	96.22	84.74	73.82
ERR14788954	Picornaviridae	Picornaviridae_C008	ERR14788954|k141_10866	2371	1	1	ERR14788954	YES	ASSEMBLY	LC321988	Echovirus E9	100.0	97.343	strong	megablast	212	190.88	96.33	84.14	33.07
ERR14788954	Picornaviridae	Picornaviridae_C009	ERR14788995|k141_7513	2262	1	1	ERR14788995	NO	NONE	MK372823	aichivirus A1	98.0	96.496	strong	megablast	0	0.00	0.00	0.00	0.00
ERR14788954	Picornaviridae	Picornaviridae_C010	ERR14788954|k141_18342	1980	1	1	ERR14788954	YES	ASSEMBLY	OQ791575	Coxsackievirus B5	98.0	86.471	moderate	sensitive_blastn	201	180.98	100.00	96.97	38.27
ERR14788954	Picornaviridae	Picornaviridae_C011	ERR14788954|k141_20065	1888	1	1	ERR14788954	YES	ASSEMBLY	PQ889389	Coxsackievirus A13	99.0	90.095	strong	megablast	54	48.62	92.90	34.53	9.96
ERR14788954	Picornaviridae	Picornaviridae_C012	ERR14788954|k141_10512	1593	1	1	ERR14788954	YES	ASSEMBLY	PQ889359	Echovirus E18	99.0	92.575	strong	megablast	58	52.22	88.76	65.16	13.45
ERR14788954	Picornaviridae	Picornaviridae_C013	ERR14788954|k141_3382	1524	1	1	ERR14788954	YES	ASSEMBLY	PQ889405	Coxsackievirus A24	95.0	87.560	moderate	sensitive_blastn	61	54.92	98.43	65.42	15.54
ERR14788954	Picornaviridae	Picornaviridae_C014	ERR14788954|k141_23799	1465	1	1	ERR14788954	YES	ASSEMBLY	PX441811	Enterovirus A119	99.0	89.686	moderate	sensitive_blastn	30	27.01	85.26	37.06	7.64
ERR14788954	Picornaviridae	Picornaviridae_C015	ERR14788954|k141_15422	1294	1	1	ERR14788954	YES	ASSEMBLY	PQ889391	Coxsackievirus A13	100.0	87.287	moderate	sensitive_blastn	52	46.82	80.68	57.11	15.07
ERR14788954	Picornaviridae	Picornaviridae_C016	ERR14788954|k141_19102	1187	1	1	ERR14788954	YES	ASSEMBLY	PQ889396	Coxsackievirus A19	98.0	95.189	strong	megablast	99	89.14	99.92	93.77	29.37
ERR14788954	Picornaviridae	Picornaviridae_C017	ERR14788991|k141_5462	1116	1	1	ERR14788991	NO	NONE	PV261144	Salivirus A	95.0	94.607	strong	megablast	0	0.00	0.00	0.00	0.00
ERR14788954	Picornaviridae	Picornaviridae_C018	ERR14788954|k141_21279	1070	1	1	ERR14788954	YES	ASSEMBLY	MH933858	Human enterovirus	92.0	88.057	moderate	sensitive_blastn	27	24.31	100.00	35.98	10.56
ERR14788954	Picornaviridae	Picornaviridae_C019	ERR14789044|k141_1274	1061	1	1	ERR14789044	NO	NONE	MG012434	Sapovirus GV.1	99.0	97.047	strong	megablast	0	0.00	0.00	0.00	0.00
ERR14788954	Picornaviridae	Picornaviridae_C020	ERR14788954|k141_7587	1007	1	1	ERR14788954	YES	ASSEMBLY	MH608285	Norovirus GII	94.0	96.832	strong	megablast	80	72.03	89.87	76.46	26.95
ERR14788954	Picornaviridae	Picornaviridae_C021	ERR14788954|k141_22796	1004	1	1	ERR14788954	YES	ASSEMBLY	PV611449	Norovirus GII	100.0	98.805	strong	megablast	55	49.52	98.41	69.82	19.60
ERR14788954	Sedoreoviridae	Sedoreoviridae_C004	ERR14788992|k141_14248	3205	3	3	ERR14788990,ERR14788991,ERR14788992	NO	NONE	OR890193	Rotavirus A	99.0	99.219	strong	megablast	0	0.00	0.00	0.00	0.00
ERR14788954	Sedoreoviridae	Sedoreoviridae_C012	ERR14788992|k141_2176	1922	3	3	ERR14788990,ERR14788991,ERR14788992	NO	NONE	LC491454	Human rotavirus A	100.0	99.303	strong	megablast	0	0.00	0.00	0.00	0.00
ERR14788954	Sedoreoviridae	Sedoreoviridae_C001	ERR14788992|k141_11532	3969	2	2	ERR14788991,ERR14788992	NO	NONE	LC477448	Human rotavirus A	99.0	97.615	strong	megablast	0	0.00	0.00	0.00	0.00
ERR14788954	Sedoreoviridae	Sedoreoviridae_C011	ERR14788991|k141_5815	1923	2	2	ERR14788991,ERR14788992	NO	NONE	KR705256	Rotavirus A	82.0	97.016	strong	megablast	0	0.00	0.00	0.00	0.00
ERR14788954	Sedoreoviridae	Sedoreoviridae_C013	ERR14788992|k141_382	1877	2	2	ERR14788990,ERR14788992	NO	NONE	MH569759	Rotavirus A	99.0	98.738	strong	megablast	0	0.00	0.00	0.00	0.00
ERR14788954	Sedoreoviridae	Sedoreoviridae_C014	ERR14788991|k141_4973	1772	2	2	ERR14788991,ERR14788992	NO	NONE	OR890170	Rotavirus A	99.0	99.085	strong	megablast	0	0.00	0.00	0.00	0.00
ERR14788954	Sedoreoviridae	Sedoreoviridae_C002	ERR14788992|k141_2824	3596	1	1	ERR14788992	NO	NONE	OR890125	Rotavirus A	99.0	99.101	strong	megablast	0	0.00	0.00	0.00	0.00
ERR14788954	Sedoreoviridae	Sedoreoviridae_C003	ERR14788992|k141_8616	3408	1	1	ERR14788992	NO	NONE	LC455770	Rotavirus A	98.0	99.696	strong	megablast	0	0.00	0.00	0.00	0.00
ERR14788954	Sedoreoviridae	Sedoreoviridae_C005	ERR14788992|k141_744	2743	1	1	ERR14788992	NO	NONE	LC477618	Human rotavirus A	99.0	99.811	strong	megablast	0	0.00	0.00	0.00	0.00
ERR14788954	Sedoreoviridae	Sedoreoviridae_C006	ERR14788992|k141_4476	2450	1	1	ERR14788992	NO	NONE	PZ436761	Human rotavirus C	99.0	99.239	strong	megablast	0	0.00	0.00	0.00	0.00
ERR14788954	Sedoreoviridae	Sedoreoviridae_C007	ERR14788992|k141_13491	2276	1	1	ERR14788992	NO	NONE	PX211134	Rotavirus alphagastroenteritidis	100.0	97.803	strong	megablast	0	0.00	0.00	0.00	0.00
ERR14788954	Sedoreoviridae	Sedoreoviridae_C008	ERR14788992|k141_6124	2190	1	1	ERR14788992	NO	NONE	PZ436762	Human rotavirus C	98.0	99.276	strong	megablast	0	0.00	0.00	0.00	0.00
ERR14788954	Sedoreoviridae	Sedoreoviridae_C009	ERR14788992|k141_7633	2074	1	1	ERR14788992	NO	NONE	OR193448	Rotavirus A	99.0	97.927	strong	megablast	0	0.00	0.00	0.00	0.00
ERR14788954	Sedoreoviridae	Sedoreoviridae_C010	ERR14788991|k141_4602	2053	1	1	ERR14788991	NO	NONE	PX492905	Rotavirus alphagastroenteritidis	99.0	97.771	strong	megablast	0	0.00	0.00	0.00	0.00
ERR14788954	Sedoreoviridae	Sedoreoviridae_C015	ERR14788992|k141_1970	1490	1	1	ERR14788992	NO	NONE	MN206054	Human rotavirus C	100.0	99.433	strong	megablast	0	0.00	0.00	0.00	0.00
ERR14788954	Sedoreoviridae	Sedoreoviridae_C016	ERR14788992|k141_12191	1376	1	1	ERR14788992	NO	NONE	MK029688	Human rotavirus P[8]	100.0	99.441	strong	megablast	0	0.00	0.00	0.00	0.00
ERR14788954	Sedoreoviridae	Sedoreoviridae_C017	ERR14788992|k141_1500	1332	1	1	ERR14788992	NO	NONE	JF490795	Rotavirus A human/Vanderbilt/VU05-06-67/2005/G1P[8]	99.0	98.743	strong	megablast	0	0.00	0.00	0.00	0.00
ERR14788954	Sedoreoviridae	Sedoreoviridae_C018	ERR14788992|k141_5652	1311	1	1	ERR14788992	NO	NONE	JQ069757	Human rotavirus A	100.0	98.493	strong	megablast	0	0.00	0.00	0.00	0.00
ERR14788954	Sedoreoviridae	Sedoreoviridae_C019	ERR14788991|k141_3712	1215	1	1	ERR14788991	NO	NONE	KC580308	Rotavirus A	100.0	98.404	strong	megablast	0	0.00	0.00	0.00	0.00
ERR14788954	Sedoreoviridae	Sedoreoviridae_C020	ERR14788991|k141_4019	1115	1	1	ERR14788991	NO	NONE	KU248375	Human rotavirus A	100.0	97.633	strong	megablast	0	0.00	0.00	0.00	0.00
ERR14788954	Sedoreoviridae	Sedoreoviridae_C021	ERR14788991|k141_3749	1110	1	1	ERR14788991	NO	NONE	ON791955	Rotavirus A	99.0	97.933	strong	megablast	0	0.00	0.00	0.00	0.00
ERR14788954	Sedoreoviridae	Sedoreoviridae_C022	ERR14788991|k141_5013	1066	1	1	ERR14788991	NO	NONE	LC227964	Human rotavirus A	97.0	99.517	strong	megablast	0	0.00	0.00	0.00	0.00
ERR14788954	Sedoreoviridae	Sedoreoviridae_C023	ERR14788992|k141_7803	1004	1	1	ERR14788992	NO	NONE	LC477521	Human rotavirus A	100.0	99.172	strong	megablast	0	0.00	0.00	0.00	0.00
